t_us,x_raw,y_raw,z_raw
1300333923,264,26,-31
1300335173,268,28,-30
1300336423,265,34,-32
1300337673,267,32,-25
1300338923,266,28,-32
1300340173,271,32,-34
1300341423,262,28,-34
1300342673,263,27,-34
1300343923,266,29,-38
1300345173,264,30,-36
1300346423,266,28,-30
1300347673,269,25,-34
1300348923,262,26,-35
1300350173,267,27,-37
1300351423,266,27,-37
1300352673,262,30,-37
1300353923,267,27,-35
1300355173,264,27,-32
1300356423,266,27,-36
1300357673,267,27,-38
1300358923,264,26,-35
1300360173,265,30,-31
1300361423,266,29,-36
1300362673,264,25,-37
1300363923,266,27,-35
1300366395,268,27,-30
1300367645,265,30,-29
1300368895,269,29,-36
1300370145,271,30,-34
1300371395,272,28,-32
1300372645,269,28,-29
1300373895,267,26,-35
1300375145,265,26,-37
1300376395,263,32,-39
1300377645,264,26,-36
1300378895,262,26,-35
1300380145,267,26,-32
1300381395,264,30,-31
1300382645,266,28,-37
1300383895,264,28,-40
1300385145,266,27,-36
1300386395,266,28,-37
1300387645,266,28,-30
1300388895,268,28,-32
1300390145,265,29,-33
1300391395,266,29,-39
1300392645,268,25,-34
1300393895,267,28,-33
1300395145,265,29,-36
1300396395,266,33,-39
1300398865,268,28,-32
1300400115,270,30,-31
1300401365,264,31,-29
1300402615,266,30,-34
1300403865,269,28,-34
1300405115,263,32,-30
1300406365,268,28,-31
1300407615,264,24,-33
1300408865,266,30,-34
1300410115,264,23,-36
1300411365,264,28,-37
1300412615,263,29,-35
1300413865,261,32,-33
1300415115,261,32,-33
1300416365,263,29,-35
1300417615,264,23,-38
1300418865,264,31,-33
1300420115,264,28,-34
1300421365,262,28,-31
1300422615,268,27,-35
1300423865,268,28,-32
1300425115,264,22,-32
1300426365,267,26,-33
1300427615,267,27,-33
1300428865,263,29,-36
1300431455,267,25,-36
1300432705,268,28,-30
1300433955,269,33,-33
1300435205,266,30,-36
1300436455,263,34,-36
1300437705,266,28,-29
1300438955,265,27,-33
1300440205,264,30,-33
1300441455,268,28,-30
1300442705,269,30,-35
1300443955,268,27,-34
1300445205,268,28,-37
1300446455,264,28,-34
1300447705,265,28,-37
1300448955,267,28,-31
1300450205,267,26,-35
1300451455,265,31,-35
1300452705,264,24,-35
1300453955,264,27,-33
1300455205,264,28,-34
1300456455,265,24,-36
1300457705,265,27,-38
1300458955,267,27,-30
1300460205,263,27,-38
1300461455,266,32,-33
1300463952,266,28,-37
1300465202,271,28,-27
1300466452,266,30,-37
1300467702,266,29,-34
1300468952,273,28,-34
1300470202,268,29,-32
1300471452,268,26,-36
1300472702,266,27,-34
1300473952,264,28,-36
1300475202,269,27,-30
1300476452,267,28,-36
1300477702,261,28,-30
1300478952,265,28,-32
1300480202,268,26,-35
1300481452,265,29,-31
1300482702,267,32,-33
1300483952,267,29,-31
1300485202,266,27,-36
1300486452,270,27,-36
1300487702,269,28,-35
1300488952,267,27,-35
1300490202,266,29,-34
1300491452,263,24,-30
1300492702,268,24,-34
1300493952,265,29,-33
1300496370,264,31,-32
1300497620,271,27,-34
1300498870,267,34,-32
1300500120,267,31,-35
1300501370,265,30,-29
1300502620,266,28,-35
1300503870,266,29,-33
1300505120,266,27,-37
1300506370,266,28,-33
1300507620,268,27,-33
1300508870,266,29,-33
1300510120,265,27,-31
1300511370,265,28,-33
1300512620,266,29,-36
1300513870,264,33,-35
1300515120,266,27,-38
1300516370,264,27,-35
1300517620,262,28,-30
1300518870,267,24,-37
1300520120,265,30,-33
1300521370,264,29,-31
1300522620,267,25,-34
1300523870,268,29,-33
1300525120,268,26,-31
1300526370,270,26,-33
1300528922,266,26,-39
1300530172,270,29,-31
1300531422,267,35,-33
1300532672,262,33,-35
1300533922,267,30,-36
1300535172,267,31,-34
1300536422,264,26,-37
1300537672,267,26,-34
1300538922,263,27,-34
1300540172,266,28,-32
1300541422,269,26,-31
1300542672,264,31,-33
1300543922,264,26,-31
1300545172,262,25,-33
1300546422,264,28,-31
1300547672,269,24,-34
1300548922,264,32,-33
1300550172,266,29,-29
1300551422,265,28,-36
1300552672,270,26,-36
1300553922,268,24,-34
1300555172,268,27,-31
1300556422,268,30,-30
1300557672,263,30,-34
1300558922,267,31,-32
1300561370,265,30,-34
1300562620,268,32,-31
1300563870,266,31,-33
1300565120,267,34,-28
1300566370,268,32,-32
1300567620,276,32,-30
1300568870,268,32,-35
1300570120,266,27,-32
1300571370,263,29,-34
1300572620,265,27,-32
1300573870,267,23,-32
1300575120,270,29,-32
1300576370,268,25,-31
1300577620,269,27,-32
1300578870,266,27,-40
1300580120,265,29,-34
1300581370,266,29,-33
1300582620,269,29,-31
1300583870,261,29,-31
1300585120,266,31,-34
1300586370,266,30,-34
1300587620,268,33,-34
1300588870,262,29,-30
1300590120,265,30,-31
1300591370,268,27,-35
1300593922,265,28,-33
1300595172,267,30,-33
1300596422,268,30,-26
1300597672,268,33,-32
1300598922,270,28,-38
1300600172,269,34,-30
1300601422,265,27,-32
1300602672,268,24,-33
1300603922,266,25,-35
1300605172,264,31,-33
1300606422,264,26,-38
1300607672,269,28,-33
1300608922,267,27,-34
1300610172,261,29,-34
1300611422,266,29,-29
1300612672,267,30,-34
1300613922,266,27,-30
1300615172,266,25,-34
1300616422,270,27,-37
1300617672,268,24,-39
1300618922,266,28,-33
1300620172,266,30,-34
1300621422,265,29,-32
1300622672,267,25,-30
1300623922,268,29,-30
1300626331,266,29,-37
1300627581,267,32,-34
1300628831,270,26,-34
1300630081,264,32,-26
1300631331,265,35,-33
1300632581,275,29,-32
1300633831,268,27,-33
1300635081,264,28,-36
1300636331,264,29,-35
1300637581,265,28,-33
1300638831,263,29,-33
1300640081,266,27,-33
1300641331,266,28,-33
1300642581,266,31,-33
1300643831,268,26,-37
1300645081,263,30,-36
1300646331,267,28,-31
1300647581,268,25,-35
1300648831,265,27,-37
1300650081,268,27,-32
1300651331,264,29,-35
1300652581,265,25,-36
1300653831,266,32,-34
1300655081,267,28,-32
1300656331,265,27,-32
1300658952,266,30,-32
1300660202,267,31,-35
1300661452,269,30,-34
1300662702,273,25,-31
1300663952,267,30,-35
1300665202,271,34,-35
1300666452,268,27,-32
1300667702,265,26,-33
1300668952,265,29,-33
1300670202,265,23,-33
1300671452,266,30,-37
1300672702,266,31,-34
1300673952,269,24,-38
1300675202,268,30,-35
1300676452,264,27,-34
1300677702,264,29,-33
1300678952,264,30,-31
1300680202,264,27,-35
1300681452,265,26,-34
1300682702,266,26,-34
1300683952,265,30,-35
1300685202,268,22,-36
1300686452,263,25,-34
1300687702,265,28,-33
1300688952,263,26,-31
1300691370,269,24,-35
1300692620,265,31,-32
1300693870,266,28,-34
1300695120,267,32,-32
1300696370,268,32,-33
1300697620,268,32,-39
1300698870,265,30,-35
1300700120,265,29,-34
1300701370,266,29,-30
1300702620,267,27,-34
1300703870,267,26,-33
1300705120,264,29,-34
1300706370,267,26,-32
1300707620,267,28,-40
1300708870,265,28,-35
1300710120,269,29,-35
1300711370,264,32,-33
1300712620,266,28,-35
1300713870,263,29,-34
1300715120,266,29,-28
1300716370,268,29,-35
1300717620,266,26,-36
1300718870,266,26,-32
1300720120,265,29,-34
1300721370,270,25,-37
1300723922,265,30,-36
1300725172,268,29,-32
1300726422,265,25,-29
1300727672,266,30,-33
1300728922,263,30,-29
1300730172,268,35,-35
1300731422,268,30,-35
1300732672,267,28,-34
1300733922,266,25,-35
1300735172,264,26,-34
1300736422,268,29,-35
1300737672,266,29,-33
1300738922,266,24,-33
1300740172,266,29,-36
1300741422,265,27,-31
1300742672,269,30,-34
1300743922,265,29,-33
1300745172,266,28,-28
1300746422,265,29,-37
1300747672,269,27,-33
1300748922,266,29,-33
1300750172,267,29,-33
1300751422,266,27,-31
1300752672,265,28,-33
1300753922,267,28,-33
1300756331,267,28,-33
1300757581,268,30,-30
1300758831,268,27,-33
1300760081,267,30,-35
1300761331,269,31,-36
1300762581,273,29,-34
1300763831,264,26,-38
1300765081,265,28,-35
1300766331,264,29,-33
1300767581,266,29,-31
1300768831,268,26,-29
1300770081,266,29,-31
1300771331,266,29,-32
1300772581,264,29,-35
1300773831,267,32,-37
1300775081,262,29,-32
1300776331,268,28,-37
1300777581,262,25,-31
1300778831,267,24,-34
1300780081,267,29,-34
1300781331,265,27,-36
1300782581,263,26,-35
1300783831,266,28,-36
1300785081,266,26,-30
1300786331,267,27,-34
1300788952,269,29,-35
1300790202,272,25,-31
1300791452,265,32,-31
1300792702,265,32,-31
1300793952,267,25,-36
1300795202,268,26,-35
1300796452,264,28,-35
1300797702,266,24,-32
1300798952,267,26,-31
1300800202,266,27,-30
1300801452,270,27,-29
1300802702,267,26,-37
1300803952,264,27,-35
1300805202,264,27,-37
1300806452,267,28,-32
1300807702,267,30,-34
1300808952,266,27,-32
1300810202,265,26,-30
1300811452,268,25,-35
1300812702,269,32,-34
1300813952,268,27,-36
1300815202,263,28,-36
1300816452,271,28,-37
1300817702,264,30,-29
1300818952,268,29,-35
1300821370,267,31,-32
1300822620,264,28,-31
1300823870,267,26,-34
1300825120,269,29,-36
1300826370,268,32,-34
1300827620,270,31,-40
1300828870,265,29,-34
1300830120,265,25,-35
1300831370,265,28,-31
1300832620,269,28,-33
1300833870,264,29,-31
1300835120,267,27,-30
1300836370,267,23,-34
1300837620,264,30,-34
1300838870,267,26,-39
1300840120,268,29,-34
1300841370,263,26,-36
1300842620,264,31,-32
1300843870,266,30,-33
1300845120,265,28,-35
1300846370,266,28,-34
1300847620,268,30,-30
1300848870,265,29,-30
1300850120,265,29,-35
1300851370,268,25,-35
1300853923,269,27,-35
1300855173,269,31,-35
1300856423,267,25,-31
1300857673,265,35,-36
1300858923,271,30,-33
1300860173,269,34,-35
1300861423,267,27,-36
1300862673,266,25,-36
1300863923,264,27,-36
1300865173,266,24,-32
1300866423,264,28,-38
1300867673,268,23,-33
1300868923,266,28,-33
1300870173,267,29,-35
1300871423,266,28,-29
1300872673,265,27,-36
1300873923,269,28,-36
1300875173,265,29,-33
1300876423,267,27,-35
1300877673,268,27,-33
1300878923,264,30,-32
1300880173,266,27,-39
1300881423,266,29,-37
1300882673,268,25,-35
1300883923,267,30,-34
1300886395,264,31,-31
1300887645,267,32,-32
1300888895,264,35,-26
1300890145,267,30,-33
1300891395,265,34,-34
1300892645,266,36,-32
1300893895,268,27,-34
1300895145,266,27,-33
1300896395,264,26,-35
1300897645,267,28,-32
1300898895,266,30,-36
1300900145,267,26,-29
1300901395,264,30,-36
1300902645,266,28,-35
1300903895,265,28,-37
1300905145,262,29,-31
1300906395,266,28,-33
1300907645,265,35,-34
1300908895,267,25,-36
1300910145,266,28,-37
1300911395,264,28,-37
1300912645,265,31,-36
1300913895,264,29,-35
1300915145,267,28,-33
1300916395,268,28,-38
1300918865,269,27,-32
1300920115,268,31,-28
1300921365,270,37,-36
1300922615,268,23,-34
1300923865,269,29,-31
1300925115,270,31,-31
1300926365,267,29,-34
1300927615,266,27,-33
1300928865,264,28,-33
1300930115,268,26,-31
1300931365,265,28,-31
1300932615,267,24,-35
1300933865,266,28,-36
1300935115,269,25,-34
1300936365,265,28,-35
1300937615,264,31,-34
1300938865,264,27,-34
1300940115,265,29,-35
1300941365,265,28,-33
1300942615,265,28,-34
1300943865,266,30,-32
1300945115,266,27,-34
1300946365,267,24,-35
1300947615,265,26,-37
1300948865,267,28,-36
1300951455,264,27,-34
1300952705,270,31,-37
1300953955,270,30,-34
1300955205,264,30,-29
1300956455,267,30,-31
1300957705,268,33,-35
1300958955,264,28,-33
1300960205,266,27,-33
1300961455,267,23,-32
1300962705,267,27,-35
1300963955,266,29,-32
1300965205,265,26,-39
1300966455,263,34,-35
1300967705,263,30,-36
1300968955,264,28,-31
1300970205,265,29,-38
1300971455,267,25,-33
1300972705,266,29,-33
1300973955,268,29,-33
1300975205,269,24,-34
1300976455,267,26,-35
1300977705,262,30,-33
1300978955,263,26,-35
1300980205,266,27,-32
1300981455,265,30,-35
1300983952,267,24,-34
1300985202,268,31,-36
1300986452,268,30,-33
1300987702,268,34,-35
1300988952,268,26,-31
1300990202,270,29,-27
1300991452,267,29,-35
1300992702,265,28,-34
1300993952,267,24,-34
1300995202,264,30,-29
1300996452,266,29,-37
1300997702,267,29,-34
1300998952,265,29,-36
1301000202,263,30,-33
1301001452,265,31,-36
1301002702,266,28,-33
1301003952,266,32,-33
1301005202,267,30,-27
1301006452,267,27,-32
1301007702,266,27,-32
1301008952,267,27,-37
1301010202,267,25,-36
1301011452,271,28,-34
1301012702,270,27,-33
1301013952,268,26,-36
1301016370,266,29,-33
1301017620,264,31,-32
1301018870,265,24,-30
1301020120,267,30,-34
1301021370,269,29,-37
1301022620,269,30,-34
1301023870,268,28,-34
1301025120,264,28,-36
1301026370,264,28,-30
1301027620,267,29,-35
1301028870,265,30,-35
1301030120,264,28,-31
1301031370,266,28,-34
1301032620,267,26,-34
1301033870,270,28,-39
1301035120,268,28,-35
1301036370,265,29,-35
1301037620,268,32,-36
1301038870,264,27,-34
1301040120,266,29,-32
1301041370,266,29,-34
1301042620,266,28,-38
1301043870,262,27,-38
1301045120,264,31,-32
1301046370,267,29,-33
1301048922,266,28,-31
1301050172,268,29,-29
1301051422,270,25,-33
1301052672,269,30,-38
1301053922,269,28,-34
1301055172,272,29,-32
1301056422,266,26,-37
1301057672,267,27,-33
1301058922,264,28,-34
1301060172,267,26,-32
1301061422,267,31,-33
1301062672,269,27,-36
1301063922,265,30,-37
1301065172,266,28,-33
1301066422,266,26,-35
1301067672,267,27,-38
1301068922,265,30,-36
1301070172,264,27,-37
1301071422,267,24,-36
1301072672,267,30,-37
1301073922,264,29,-34
1301075172,268,30,-37
1301076422,267,21,-38
1301077672,264,27,-32
1301078922,267,27,-33
1301081331,267,24,-35
1301082581,268,35,-35
1301083831,264,27,-32
1301085081,268,29,-29
1301086331,266,29,-29
1301087581,261,35,-32
1301088831,266,25,-34
1301090081,265,26,-34
1301091331,266,29,-33
1301092581,266,30,-33
1301093831,265,29,-38
1301095081,265,26,-39
1301096331,266,27,-35
1301097581,266,29,-34
1301098831,266,27,-33
1301100081,264,27,-31
1301101331,267,27,-31
1301102581,266,34,-34
1301103831,265,31,-32
1301105081,266,29,-35
1301106331,266,27,-33
1301107581,268,26,-38
1301108831,267,31,-35
1301110081,262,30,-31
1301111331,265,25,-35
1301113952,264,28,-35
1301115202,268,27,-35
1301116452,271,30,-34
1301117702,265,35,-35
1301118952,267,31,-37
1301120202,271,31,-30
1301121452,268,28,-35
1301122702,264,27,-33
1301123952,264,28,-34
1301125202,263,28,-38
1301126452,267,31,-33
1301127702,265,28,-29
1301128952,264,26,-33
1301130202,269,29,-32
1301131452,263,28,-38
1301132702,264,27,-36
1301133952,267,29,-34
1301135202,263,26,-35
1301136452,267,29,-33
1301137702,267,25,-37
1301138952,263,31,-34
1301140202,264,28,-37
1301141452,266,28,-31
1301142702,264,32,-38
1301143952,267,29,-33
1301146370,266,29,-36
1301147620,268,30,-34
1301148870,268,29,-35
1301150120,268,28,-36
1301151370,267,26,-32
1301152620,268,31,-37
1301153870,267,28,-36
1301155120,265,31,-35
1301156370,268,24,-33
1301157620,263,28,-32
1301158870,264,30,-41
1301160120,267,30,-29
1301161370,269,27,-36
1301162620,263,30,-34
1301163870,266,23,-35
1301165120,265,25,-37
1301166370,267,31,-31
1301167620,266,29,-34
1301168870,265,29,-36
1301170120,268,28,-37
1301171370,263,27,-33
1301172620,260,28,-37
1301173870,268,27,-37
1301175120,266,26,-35
1301176370,262,33,-38
1301178922,266,27,-32
1301180172,266,29,-34
1301181422,270,30,-35
1301182672,269,28,-35
1301183922,267,31,-32
1301185172,267,31,-35
1301186422,265,29,-36
1301187672,264,27,-36
1301188922,269,26,-34
1301190172,267,26,-29
1301191422,264,30,-35
1301192672,264,32,-29
1301193922,265,26,-33
1301195172,266,31,-35
1301196422,265,30,-32
1301197672,263,26,-36
1301198922,263,27,-35
1301200172,268,28,-32
1301201422,264,26,-35
1301202672,264,25,-38
1301203922,265,31,-33
1301205172,263,28,-31
1301206422,264,26,-35
1301207672,268,27,-35
1301208922,267,28,-35
1301211331,266,30,-32
1301212581,269,28,-36
1301213831,265,29,-29
1301215081,268,32,-36
1301216331,269,34,-33
1301217581,267,35,-33
1301218831,265,30,-33
1301220081,267,27,-34
1301221331,266,25,-37
1301222581,265,30,-37
1301223831,263,28,-38
1301225081,264,24,-35
1301226331,263,30,-37
1301227581,266,29,-35
1301228831,265,28,-31
1301230081,264,28,-35
1301231331,264,27,-34
1301232581,268,27,-36
1301233831,267,27,-34
1301235081,263,27,-32
1301236331,267,25,-37
1301237581,262,29,-34
1301238831,267,27,-33
1301240081,265,31,-37
1301241331,267,32,-35
1301243952,266,27,-32
1301245202,266,31,-33
1301246452,269,31,-28
1301247702,266,31,-26
1301248952,269,28,-29
1301250202,266,31,-30
1301251452,267,28,-34
1301252702,266,27,-34
1301253952,264,32,-38
1301255202,267,30,-34
1301256452,269,27,-36
1301257702,270,29,-39
1301258952,265,29,-31
1301260202,267,29,-36
1301261452,263,24,-33
1301262702,267,30,-37
1301263952,265,31,-39
1301265202,266,28,-35
1301266452,264,30,-31
1301267702,266,28,-35
1301268952,269,28,-35
1301270202,264,30,-35
1301271452,264,32,-38
1301272702,266,33,-34
1301273952,266,26,-34
1301276370,263,30,-39
1301277620,269,28,-33
1301278870,265,33,-32
1301280120,266,33,-31
1301281370,268,30,-33
1301282620,269,32,-37
1301283870,265,27,-37
1301285120,264,28,-37
1301286370,266,26,-37
1301287620,267,25,-36
1301288870,267,29,-35
1301290120,270,27,-39
1301291370,264,29,-34
1301292620,263,29,-34
1301293870,266,27,-34
1301295120,264,25,-33
1301296370,266,29,-31
1301297620,267,29,-35
1301298870,269,31,-32
1301300120,267,30,-32
1301301370,262,31,-31
1301302620,263,31,-31
1301303870,266,29,-38
1301305120,267,28,-33
1301306370,263,27,-37
1301308922,267,28,-37
1301310172,268,30,-33
1301311422,270,30,-29
1301312672,265,30,-31
1301313922,265,31,-30
1301315172,267,29,-33
1301316422,266,29,-34
1301317672,267,27,-33
1301318922,269,26,-38
1301320172,265,25,-30
1301321422,266,28,-33
1301322672,269,28,-28
1301323922,265,27,-35
1301325172,269,28,-32
1301326422,266,28,-35
1301327672,265,27,-34
1301328922,267,27,-35
1301330172,269,27,-30
1301331422,264,26,-34
1301332672,264,25,-34
1301333922,263,27,-34
1301335172,265,27,-30
1301336422,266,27,-37
1301337672,267,27,-31
1301338922,264,26,-34
1301341331,264,31,-36
1301342581,267,33,-31
1301343831,268,29,-31
1301345081,267,30,-38
1301346331,267,31,-30
1301347581,267,38,-36
1301348831,266,29,-34
1301350081,265,29,-35
1301351331,264,28,-35
1301352581,265,30,-34
1301353831,265,28,-35
1301355081,268,22,-35
1301356331,268,27,-37
1301357581,264,27,-32
1301358831,269,31,-35
1301360081,267,28,-36
1301361331,266,24,-28
1301362581,265,27,-34
1301363831,266,29,-33
1301365081,266,27,-39
1301366331,266,27,-37
1301367581,264,29,-39
1301368831,265,29,-37
1301370081,266,26,-39
1301371331,266,27,-33
1301373834,266,27,-37
1301375084,271,26,-34
1301376334,271,29,-31
1301377584,268,27,-36
1301378834,271,28,-34
1301380084,270,29,-32
1301381334,268,25,-35
1301382584,265,30,-35
1301383834,267,24,-36
1301385084,267,29,-34
1301386334,264,24,-31
1301387584,265,28,-34
1301388834,264,30,-30
1301390084,269,30,-31
1301391334,269,28,-39
1301392584,263,30,-33
1301393834,262,28,-32
1301395084,270,24,-32
1301396334,267,24,-30
1301397584,267,27,-31
1301398834,266,33,-35
1301400084,265,28,-31
1301401334,263,25,-35
1301402584,268,25,-37
1301403834,265,30,-37
1301406431,270,27,-35
1301407681,265,30,-35
1301408931,268,31,-30
1301410181,267,27,-30
1301411431,266,30,-38
1301412681,273,26,-31
1301413931,267,29,-37
1301415181,269,28,-35
1301416431,268,29,-33
1301417681,267,26,-29
1301418931,265,26,-42
1301420181,264,30,-36
1301421431,264,30,-39
1301422681,266,29,-34
1301423931,269,24,-27
1301425181,268,30,-32
1301426431,264,28,-38
1301427681,264,32,-35
1301428931,264,27,-31
1301430181,266,26,-31
1301431431,262,30,-32
1301432681,262,26,-30
1301433931,262,27,-38
1301435181,263,31,-34
1301436431,270,27,-33
1301438865,267,27,-36
1301440115,266,30,-29
1301441365,266,30,-33
1301442615,267,29,-34
1301443865,269,32,-33
1301445115,268,36,-30
1301446365,268,29,-36
1301447615,265,29,-36
1301448865,264,27,-34
1301450115,268,30,-32
1301451365,265,29,-37
1301452615,267,25,-36
1301453865,265,25,-38
1301455115,267,27,-30
1301456365,264,29,-33
1301457615,265,28,-35
1301458865,265,33,-32
1301460115,263,31,-37
1301461365,264,27,-35
1301462615,265,27,-29
1301463865,266,30,-31
1301465115,266,26,-39
1301466365,268,26,-39
1301467615,267,30,-29
1301468865,263,29,-33
1301471455,266,28,-38
1301472705,265,29,-36
1301473955,269,32,-25
1301475205,264,29,-28
1301476455,268,29,-32
1301477705,269,32,-34
1301478955,265,27,-37
1301480205,267,26,-36
1301481455,266,32,-30
1301482705,265,28,-33
1301483955,266,25,-37
1301485205,267,28,-37
1301486455,267,28,-34
1301487705,265,26,-34
1301488955,264,25,-38
1301490205,266,26,-30
1301491455,266,27,-36
1301492705,264,32,-34
1301493955,264,27,-36
1301495205,266,32,-30
1301496455,264,26,-33
1301497705,263,29,-34
1301498955,268,26,-32
1301500205,265,30,-37
1301501455,267,26,-31
1301503952,267,28,-40
1301505202,268,37,-34
1301506452,271,28,-35
1301507702,269,29,-37
1301508952,266,32,-37
1301510202,262,31,-33
1301511452,262,30,-34
1301512702,265,26,-33
1301513952,265,26,-35
1301515202,266,28,-31
1301516452,271,23,-34
1301517702,264,30,-29
1301518952,265,28,-35
1301520202,267,29,-37
1301521452,268,28,-33
1301522702,266,29,-31
1301523952,264,28,-33
1301525202,267,30,-37
1301526452,267,27,-36
1301527702,269,25,-36
1301528952,266,26,-33
1301530202,268,27,-35
1301531452,264,27,-32
1301532702,263,26,-40
1301533952,268,27,-35
1301536370,267,23,-34
1301537620,269,34,-34
1301538870,266,32,-32
1301540120,268,28,-37
1301541370,265,29,-32
1301542620,272,24,-28
1301543870,266,28,-32
1301545120,267,27,-33
1301546370,268,27,-33
1301547620,265,28,-29
1301548870,265,27,-38
1301550120,267,28,-31
1301551370,266,27,-31
1301552620,267,28,-36
1301553870,267,26,-31
1301555120,263,27,-33
1301556370,264,31,-32
1301557620,263,25,-32
1301558870,262,28,-34
1301560120,263,26,-35
1301561370,267,23,-32
1301562620,267,29,-38
1301563870,265,28,-35
1301565120,265,30,-33
1301566370,266,28,-34
1301568923,265,27,-39
1301570173,267,32,-33
1301571423,270,29,-30
1301572673,271,25,-36
1301573923,268,31,-33
1301575173,268,31,-35
1301576423,265,27,-35
1301577673,264,27,-35
1301578923,267,26,-37
1301580173,267,29,-37
1301581423,264,27,-31
1301582673,264,31,-33
1301583923,267,25,-34
1301585173,269,28,-35
1301586423,262,28,-30
1301587673,265,25,-33
1301588923,264,29,-33
1301590173,266,26,-32
1301591423,265,29,-32
1301592673,266,27,-33
1301593923,265,29,-35
1301595173,267,28,-34
1301596423,264,26,-37
1301597673,268,29,-34
1301598923,267,29,-34
1301601395,266,27,-33
1301602645,269,35,-32
1301603895,266,32,-31
1301605145,268,31,-35
1301606395,267,30,-36
1301607645,271,25,-29
1301608895,265,28,-35
1301610145,265,27,-36
1301611395,265,26,-35
1301612645,267,28,-34
1301613895,268,25,-29
1301615145,267,28,-38
1301616395,265,30,-34
1301617645,267,27,-32
1301618895,267,25,-35
1301620145,267,29,-32
1301621395,267,27,-36
1301622645,261,32,-35
1301623895,267,28,-32
1301625145,268,25,-29
1301626395,267,26,-32
1301627645,269,29,-34
1301628895,265,28,-33
1301630145,264,31,-38
1301631395,266,28,-30
1301633865,265,29,-36
1301635115,267,30,-29
1301636365,276,26,-31
1301637615,263,27,-28
1301638865,269,28,-31
1301640115,270,26,-33
1301641365,268,26,-31
1301642615,266,27,-37
1301643865,266,26,-36
1301645115,264,29,-32
1301646365,265,24,-31
1301647615,266,27,-32
1301648865,264,29,-33
1301650115,267,33,-34
1301651365,264,29,-35
1301652615,266,26,-32
1301653865,261,27,-36
1301655115,265,26,-35
1301656365,262,29,-32
1301657615,268,29,-34
1301658865,267,30,-34
1301660115,266,30,-32
1301661365,265,24,-35
1301662615,265,30,-35
1301663865,267,28,-35
1301666455,264,28,-31
1301667705,270,29,-32
1301668955,265,29,-28
1301670205,268,31,-34
1301671455,266,31,-32
1301672705,268,30,-28
1301673955,267,28,-35
1301675205,264,29,-36
1301676455,268,24,-33
1301677705,266,29,-31
1301678955,268,27,-28
1301680205,261,28,-37
1301681455,264,31,-32
1301682705,266,29,-39
1301683955,269,25,-30
1301685205,265,29,-37
1301686455,264,27,-32
1301687705,266,24,-31
1301688955,264,31,-31
1301690205,266,32,-39
1301691455,268,28,-33
1301692705,267,30,-33
1301693955,264,30,-35
1301695205,262,23,-33
1301696455,266,30,-36
1301698952,266,27,-29
1301700202,267,31,-33
1301701452,267,26,-26
1301702702,270,28,-30
1301703952,272,32,-30
1301705202,268,34,-27
1301706452,266,28,-32
1301707702,265,26,-31
1301708952,267,26,-32
1301710202,266,27,-36
1301711452,268,29,-33
1301712702,267,28,-34
1301713952,268,28,-31
1301715202,268,28,-34
1301716452,262,27,-36
1301717702,267,26,-33
1301718952,263,29,-34
1301720202,266,29,-32
1301721452,263,31,-39
1301722702,265,29,-33
1301723952,264,26,-32
1301725202,266,28,-31
1301726452,264,27,-33
1301727702,265,27,-36
1301728952,267,25,-30
1301731370,266,26,-27
1301732620,265,36,-32
1301733870,269,29,-32
1301735120,268,31,-35
1301736370,269,27,-31
1301737620,264,27,-32
1301738870,267,28,-33
1301740120,262,29,-34
1301741370,264,27,-37
1301742620,262,28,-32
1301743870,264,26,-33
1301745120,263,27,-35
1301746370,266,26,-37
1301747620,264,28,-37
1301748870,262,30,-34
1301750120,264,27,-31
1301751370,267,27,-32
1301752620,266,27,-28
1301753870,261,30,-32
1301755120,265,30,-37
1301756370,265,28,-31
1301757620,263,30,-34
1301758870,261,29,-31
1301760120,265,28,-31
1301761370,268,28,-32
1301763923,265,30,-35
1301765173,267,31,-31
1301766423,265,28,-28
1301767673,267,25,-32
1301768923,268,29,-33
1301770173,268,31,-32
1301771423,266,28,-34
1301772673,266,24,-34
1301773923,267,28,-33
1301775173,269,30,-35
1301776423,266,26,-34
1301777673,266,32,-32
1301778923,265,22,-34
1301780173,267,32,-36
1301781423,267,28,-33
1301782673,266,25,-32
1301783923,264,30,-36
1301785173,265,27,-35
1301786423,265,29,-30
1301787673,267,25,-35
1301788923,265,27,-39
1301790173,268,29,-32
1301791423,268,29,-34
1301792673,265,29,-34
1301793923,266,26,-35
1301796395,267,25,-34
1301797645,270,31,-33
1301798895,268,31,-31
1301800145,269,31,-32
1301801395,268,31,-36
1301802645,271,27,-35
1301803895,266,31,-33
1301805145,266,28,-31
1301806395,267,25,-35
1301807645,266,29,-32
1301808895,265,26,-31
1301810145,266,31,-32
1301811395,262,24,-33
1301812645,264,29,-32
1301813895,265,28,-38
1301815145,265,26,-36
1301816395,264,29,-39
1301817645,266,30,-32
1301818895,261,28,-32
1301820145,267,25,-38
1301821395,264,31,-37
1301822645,267,23,-38
1301823895,265,33,-30
1301825145,266,29,-33
1301826395,262,29,-30
1301828865,267,28,-38
1301830115,267,27,-27
1301831365,269,28,-28
1301832615,263,26,-30
1301833865,269,25,-28
1301835115,265,29,-31
1301836365,267,27,-35
1301837615,265,27,-35
1301838865,265,26,-37
1301840115,262,26,-33
1301841365,266,30,-37
1301842615,263,33,-32
1301843865,266,28,-35
1301845115,270,28,-35
1301846365,263,29,-37
1301847615,264,29,-34
1301848865,264,26,-37
1301850115,264,28,-33
1301851365,262,27,-31
1301852615,265,27,-34
1301853865,264,25,-37
1301855115,265,26,-31
1301856365,267,26,-30
1301857615,264,27,-42
1301858865,268,26,-34
1301861455,264,29,-35
1301862705,266,26,-38
1301863955,265,30,-34
1301865205,264,36,-33
1301866455,264,30,-28
1301867705,268,28,-27
1301868955,266,26,-34
1301870205,267,27,-38
1301871455,265,26,-37
1301872705,265,27,-35
1301873955,269,30,-28
1301875205,264,25,-36
1301876455,262,29,-34
1301877705,267,30,-34
1301878955,267,28,-30
1301880205,263,32,-36
1301881455,266,28,-35
1301882705,265,27,-33
1301883955,268,29,-28
1301885205,267,29,-35
1301886455,269,25,-32
1301887705,267,31,-31
1301888955,261,31,-39
1301890205,264,26,-29
1301891455,268,28,-35
1301893952,265,23,-33
1301895202,265,30,-34
1301896452,269,31,-29
1301897702,273,27,-29
1301898952,270,28,-34
1301900202,271,32,-31
1301901452,266,27,-34
1301902702,266,27,-35
1301903952,267,24,-34
1301905202,265,29,-34
1301906452,265,31,-31
1301907702,264,29,-31
1301908952,268,30,-33
1301910202,268,32,-30
1301911452,263,28,-37
1301912702,261,26,-33
1301913952,265,29,-34
1301915202,268,27,-35
1301916452,264,28,-35
1301917702,264,24,-35
1301918952,263,26,-35
1301920202,269,26,-34
1301921452,264,26,-32
1301922702,265,28,-35
1301923952,268,27,-33
1301926370,264,26,-33
1301927620,272,35,-28
1301928870,267,30,-35
1301930120,267,29,-34
1301931370,270,26,-30
1301932620,264,28,-23
1301933870,268,28,-36
1301935120,268,26,-34
1301936370,265,28,-36
1301937620,264,31,-32
1301938870,264,29,-34
1301940120,265,30,-36
1301941370,266,25,-36
1301942620,263,30,-29
1301943870,267,30,-39
1301945120,262,31,-30
1301946370,268,24,-34
1301947620,262,25,-28
1301948870,265,26,-36
1301950120,265,28,-33
1301951370,263,31,-34
1301952620,268,30,-33
1301953870,262,30,-32
1301955120,269,28,-36
1301956370,265,28,-34
1301958922,268,27,-33
1301960172,271,28,-32
1301961422,268,32,-33
1301962672,264,30,-31
1301963922,266,30,-28
1301965172,270,31,-31
1301966422,268,26,-33
1301967672,267,26,-37
1301968922,268,28,-37
1301970172,268,28,-32
1301971422,265,27,-33
1301972672,270,22,-32
1301973922,263,27,-32
1301975172,267,29,-36
1301976422,264,31,-35
1301977672,264,27,-32
1301978922,269,27,-33
1301980172,265,25,-35
1301981422,268,28,-37
1301982672,266,29,-36
1301983922,269,29,-37
1301985172,267,31,-28
1301986422,267,27,-36
1301987672,265,29,-34
1301988922,265,29,-33
1301991486,264,24,-34
1301992736,271,29,-31
1301993986,269,37,-33
1301995236,267,26,-33
1301996486,265,29,-35
1301997736,267,31,-36
1301998986,269,28,-33
1302000236,265,28,-33
1302001486,265,25,-35
1302002736,265,27,-35
1302003986,264,28,-37
1302005236,265,28,-36
1302006486,267,26,-34
1302007736,264,26,-31
1302008986,266,32,-33
1302010236,264,30,-34
1302011486,263,31,-36
1302012736,267,28,-36
1302013986,263,26,-35
1302015236,264,29,-34
1302016486,265,29,-34
1302017736,262,29,-32
1302018986,264,28,-33
1302020236,262,27,-33
1302021486,269,28,-36
1302023865,264,27,-33
1302025115,262,30,-31
1302026365,263,28,-31
1302027615,266,30,-35
1302028865,270,31,-28
1302030115,267,29,-34
1302031365,266,28,-35
1302032615,266,28,-35
1302033865,267,32,-31
1302035115,264,28,-36
1302036365,264,27,-33
1302037615,268,31,-42
1302038865,269,28,-30
1302040115,264,24,-33
1302041365,268,25,-38
1302042615,264,24,-33
1302043865,266,25,-35
1302045115,265,29,-32
1302046365,266,26,-34
1302047615,268,28,-34
1302048865,264,23,-36
1302050115,261,25,-36
1302051365,268,25,-32
1302052615,264,27,-33
1302053865,263,27,-36
1302056455,265,29,-29
1302057705,268,29,-33
1302058955,266,32,-32
1302060205,267,26,-37
1302061455,268,29,-36
1302062705,268,29,-33
1302063955,265,28,-33
1302065205,264,26,-34
1302066455,266,26,-32
1302067705,271,25,-35
1302068955,265,28,-35
1302070205,263,28,-35
1302071455,269,28,-31
1302072705,266,25,-36
1302073955,266,27,-36
1302075205,267,30,-34
1302076455,263,30,-33
1302077705,264,28,-32
1302078955,269,27,-31
1302080205,268,24,-33
1302081455,267,29,-33
1302082705,270,25,-38
1302083955,266,27,-32
1302085205,262,26,-37
1302086455,268,29,-35
1302088952,265,28,-34
1302090202,265,32,-29
1302091452,266,29,-33
1302092702,267,31,-29
1302093952,268,29,-28
1302095202,271,26,-34
1302096452,266,31,-35
1302097702,264,26,-33
1302098952,265,30,-35
1302100202,265,27,-35
1302101452,266,29,-33
1302102702,266,30,-29
1302103952,264,24,-31
1302105202,265,26,-33
1302106452,263,29,-30
1302107702,263,24,-36
1302108952,266,30,-35
1302110202,263,26,-38
1302111452,265,28,-32
1302112702,268,33,-33
1302113952,264,28,-33
1302115202,270,28,-30
1302116452,264,32,-33
1302117702,268,22,-32
1302118952,265,27,-35
1302121370,262,32,-35
1302122620,270,32,-31
1302123870,271,30,-33
1302125120,269,27,-28
1302126370,269,32,-33
1302127620,270,28,-40
1302128870,267,29,-34
1302130120,266,28,-36
1302131370,263,28,-33
1302132620,267,28,-33
1302133870,263,27,-31
1302135120,263,28,-33
1302136370,265,28,-33
1302137620,268,26,-35
1302138870,267,29,-33
1302140120,266,25,-36
1302141370,268,23,-39
1302142620,262,29,-38
1302143870,265,29,-33
1302145120,265,27,-40
1302146370,269,31,-32
1302147620,268,23,-36
1302148870,267,28,-36
1302150120,266,29,-31
1302151370,264,28,-32
1302153922,264,29,-33
1302155172,268,29,-33
1302156422,269,31,-30
1302157672,270,34,-32
1302158922,269,34,-35
1302160172,269,32,-31
1302161422,263,28,-35
1302162672,263,28,-32
1302163922,265,27,-31
1302165172,266,28,-34
1302166422,268,26,-30
1302167672,266,29,-32
1302168922,267,26,-28
1302170172,263,25,-34
1302171422,266,26,-35
1302172672,266,29,-31
1302173922,265,28,-34
1302175172,267,29,-29
1302176422,264,27,-35
1302177672,269,25,-31
1302178922,266,28,-33
1302180172,266,28,-36
1302181422,267,28,-33
1302182672,265,31,-32
1302183922,264,26,-34
1302186486,267,31,-33
1302187736,266,29,-34
1302188986,270,31,-27
1302190236,269,30,-37
1302191486,267,29,-37
1302192736,269,30,-33
1302193986,267,28,-37
1302195236,264,28,-36
1302196486,263,25,-34
1302197736,264,28,-34
1302198986,269,25,-37
1302200236,266,27,-31
1302201486,266,30,-33
1302202736,265,30,-37
1302203986,266,30,-35
1302205236,266,29,-35
1302206486,266,30,-33
1302207736,265,28,-31
1302208986,267,27,-34
1302210236,267,29,-31
1302211486,265,27,-34
1302212736,265,32,-30
1302213986,264,30,-34
1302215236,265,26,-37
1302216486,263,31,-32
1302218865,266,27,-35
1302220115,272,31,-30
1302221365,269,25,-28
1302222615,268,27,-32
1302223865,268,29,-36
1302225115,266,28,-33
1302226365,265,30,-34
1302227615,264,30,-35
1302228865,268,27,-35
1302230115,266,26,-33
1302231365,267,24,-31
1302232615,267,31,-33
1302233865,266,29,-33
1302235115,263,28,-35
1302236365,264,28,-38
1302237615,261,31,-33
1302238865,266,27,-36
1302240115,264,26,-31
1302241365,265,27,-35
1302242615,266,27,-36
1302243865,267,27,-36
1302245115,268,27,-36
1302246365,267,30,-33
1302247615,267,28,-38
1302248865,270,30,-32
1302251455,263,26,-35
1302252705,268,32,-34
1302253955,270,30,-33
1302255205,265,30,-31
1302256455,269,30,-35
1302257705,265,32,-33
1302258955,268,29,-33
1302260205,264,28,-33
1302261455,265,27,-35
1302262705,266,25,-34
1302263955,262,29,-37
1302265205,269,28,-31
1302266455,265,26,-35
1302267705,266,27,-30
1302268955,265,28,-37
1302270205,266,27,-37
1302271455,268,29,-35
1302272705,263,30,-31
1302273955,266,26,-38
1302275205,268,25,-30
1302276455,264,29,-33
1302277705,264,26,-37
1302278955,270,26,-31
1302280205,262,31,-36
1302281455,264,29,-35
1302283952,268,25,-29
1302285202,267,31,-31
1302286452,267,29,-34
1302287702,265,30,-30
1302288952,270,29,-31
1302290202,267,28,-36
1302291452,267,28,-38
1302292702,268,24,-34
1302293952,267,28,-33
1302295202,268,26,-36
1302296452,266,26,-38
1302297702,268,30,-29
1302298952,266,27,-34
1302300202,264,29,-32
1302301452,266,27,-35
1302302702,265,23,-35
1302303952,267,27,-35
1302305202,265,26,-39
1302306452,263,28,-32
1302307702,266,29,-33
1302308952,264,24,-35
1302310202,268,28,-33
1302311452,264,29,-31
1302312702,266,26,-33
1302313952,266,28,-32
1302316370,266,27,-32
1302317620,268,30,-32
1302318870,269,28,-31
1302320120,269,28,-33
1302321370,267,33,-30
1302322620,266,33,-38
1302323870,268,27,-38
1302325120,264,24,-32
1302326370,262,30,-37
1302327620,266,30,-35
1302328870,267,31,-30
1302330120,263,28,-34
1302331370,267,26,-32
1302332620,270,28,-37
1302333870,267,27,-38
1302335120,266,24,-31
1302336370,268,24,-34
1302337620,263,28,-25
1302338870,265,26,-33
1302340120,266,26,-33
1302341370,264,28,-37
1302342620,270,29,-32
1302343870,265,25,-34
1302345120,269,28,-34
1302346370,265,28,-33
1302348923,265,27,-34
1302350173,269,28,-29
1302351423,268,36,-30
1302352673,264,32,-25
1302353923,267,30,-27
1302355173,268,31,-33
1302356423,266,27,-32
1302357673,265,26,-35
1302358923,265,28,-34
1302360173,267,27,-34
1302361423,262,30,-35
1302362673,268,24,-35
1302363923,267,27,-35
1302365173,266,27,-33
1302366423,266,29,-34
1302367673,263,29,-34
1302368923,265,27,-34
1302370173,266,27,-36
1302371423,266,28,-36
1302372673,264,31,-36
1302373923,267,27,-37
1302375173,263,29,-32
1302376423,265,27,-34
1302377673,265,27,-37
1302378923,266,27,-35
1302381395,271,22,-36
1302382645,268,33,-28
1302383895,265,30,-36
1302385145,268,24,-33
1302386395,269,31,-32
1302387645,267,29,-33
1302388895,268,27,-32
1302390145,266,28,-35
1302391395,263,29,-35
1302392645,266,26,-33
1302393895,266,27,-38
1302395145,263,27,-35
1302396395,264,27,-30
1302397645,267,27,-37
1302398895,263,25,-36
1302400145,266,28,-34
1302401395,269,28,-32
1302402645,268,26,-31
1302403895,262,28,-31
1302405145,265,27,-34
1302406395,263,28,-34
1302407645,264,26,-33
1302408895,262,27,-31
1302410145,265,25,-35
1302411395,264,30,-34
1302413865,269,26,-35
1302415115,267,28,-30
1302416365,267,30,-24
1302417615,265,32,-35
1302418865,268,33,-33
1302420115,269,31,-37
1302421365,267,24,-34
1302422615,264,24,-35
1302423865,265,31,-30
1302425115,264,24,-33
1302426365,262,28,-39
1302427615,264,32,-38
1302428865,265,32,-36
1302430115,266,30,-34
1302431365,261,30,-33
1302432615,266,27,-28
1302433865,261,26,-36
1302435115,264,30,-31
1302436365,262,29,-31
1302437615,267,28,-37
1302438865,268,31,-31
1302440115,264,31,-32
1302441365,266,28,-30
1302442615,266,30,-38
1302443865,270,28,-31
1302446455,266,23,-34
1302447705,267,27,-32
1302448955,263,29,-27
1302450205,268,31,-34
1302451455,265,31,-36
1302452705,270,32,-33
1302453955,269,26,-35
1302455205,265,29,-38
1302456455,265,29,-40
1302457705,268,24,-37
1302458955,263,29,-34
1302460205,265,29,-33
1302461455,266,30,-36
1302462705,263,27,-32
1302463955,261,30,-34
1302465205,267,25,-31
1302466455,265,27,-33
1302467705,265,29,-37
1302468955,268,25,-36
1302470205,266,31,-37
1302471455,261,29,-32
1302472705,265,30,-35
1302473955,268,27,-30
1302475205,264,30,-39
1302476455,264,27,-35
1302478952,267,28,-39
1302480202,267,32,-29
1302481452,268,31,-35
1302482702,267,32,-29
1302483952,268,34,-31
1302485202,267,29,-32
1302486452,265,28,-34
1302487702,265,29,-35
1302488952,261,29,-36
1302490202,268,28,-34
1302491452,271,26,-36
1302492702,266,31,-31
1302493952,266,28,-31
1302495202,266,27,-34
1302496452,265,27,-38
1302497702,268,32,-34
1302498952,266,27,-29
1302500202,271,31,-31
1302501452,263,26,-33
1302502702,266,26,-36
1302503952,268,28,-32
1302505202,267,29,-34
1302506452,265,29,-39
1302507702,267,30,-37
1302508952,266,27,-37
1302511370,265,29,-37
1302512620,266,31,-29
1302513870,265,30,-37
1302515120,268,30,-33
1302516370,269,32,-31
1302517620,268,32,-35
1302518870,267,30,-32
1302520120,266,26,-34
1302521370,268,25,-35
1302522620,268,27,-31
1302523870,266,27,-38
1302525120,266,30,-37
1302526370,263,28,-35
1302527620,264,29,-32
1302528870,265,27,-36
1302530120,263,29,-34
1302531370,263,31,-27
1302532620,264,31,-32
1302533870,265,27,-34
1302535120,267,28,-36
1302536370,264,29,-33
1302537620,261,31,-30
1302538870,266,29,-37
1302540120,265,27,-32
1302541370,264,29,-35
1302543922,266,31,-36
1302545172,268,31,-36
1302546422,264,34,-30
1302547672,263,30,-31
1302548922,267,28,-33
1302550172,264,31,-35
1302551422,264,27,-35
1302552672,267,29,-36
1302553922,264,27,-32
1302555172,263,23,-34
1302556422,265,27,-32
1302557672,265,29,-35
1302558922,266,30,-31
1302560172,266,29,-36
1302561422,262,30,-34
1302562672,266,28,-30
1302563922,265,27,-37
1302565172,266,27,-35
1302566422,262,26,-35
1302567672,264,28,-32
1302568922,268,29,-35
1302570172,268,26,-32
1302571422,267,34,-35
1302572672,262,27,-31
1302573922,265,29,-35
1302576331,266,25,-34
1302577581,268,31,-33
1302578831,268,28,-32
1302580081,268,30,-31
1302581331,266,29,-28
1302582581,262,32,-30
1302583831,265,29,-33
1302585081,266,26,-32
1302586331,264,29,-31
1302587581,263,28,-30
1302588831,264,29,-40
1302590081,264,26,-41
1302591331,266,28,-33
1302592581,266,28,-34
1302593831,269,25,-30
1302595081,264,26,-34
1302596331,267,31,-33
1302597581,265,25,-31
1302598831,263,28,-33
1302600081,269,26,-38
1302601331,266,28,-36
1302602581,266,28,-31
1302603831,265,28,-32
1302605081,265,31,-35
1302606331,267,26,-32
1302608834,269,25,-36
1302610084,270,26,-34
1302611334,267,32,-26
1302612584,267,33,-35
1302613834,267,29,-33
1302615084,269,27,-32
1302616334,269,25,-35
1302617584,267,27,-34
1302618834,268,28,-35
1302620084,266,30,-34
1302621334,264,27,-39
1302622584,266,29,-31
1302623834,268,22,-32
1302625084,264,27,-33
1302626334,262,28,-36
1302627584,263,30,-36
1302628834,267,27,-37
1302630084,265,27,-32
1302631334,262,28,-32
1302632584,266,31,-30
1302633834,266,31,-34
1302635084,264,29,-31
1302636334,264,33,-35
1302637584,268,31,-40
1302638834,268,28,-34
1302641431,261,26,-33
1302642681,270,28,-32
1302643931,265,31,-31
1302645181,262,33,-37
1302646431,268,27,-35
1302647681,268,30,-30
1302648931,268,28,-34
1302650181,264,29,-33
1302651431,267,24,-32
1302652681,263,31,-34
1302653931,264,26,-35
1302655181,267,26,-33
1302656431,262,28,-35
1302657681,267,26,-35
1302658931,267,28,-32
1302660181,265,27,-37
1302661431,265,27,-32
1302662681,265,26,-32
1302663931,265,29,-35
1302665181,268,28,-36
1302666431,264,29,-31
1302667681,266,29,-33
1302668931,265,30,-30
1302670181,266,25,-34
1302671431,267,27,-36
1302673865,268,24,-31
1302675115,270,31,-32
1302676365,266,30,-30
1302677615,268,30,-30
1302678865,268,33,-33
1302680115,267,30,-35
1302681365,266,27,-34
1302682615,265,27,-36
1302683865,267,28,-36
1302685115,268,28,-33
1302686365,264,31,-40
1302687615,269,27,-36
1302688865,265,27,-34
1302690115,265,30,-31
1302691365,267,28,-39
1302692615,265,24,-39
1302693865,265,27,-39
1302695115,267,28,-37
1302696365,265,26,-36
1302697615,268,29,-32
1302698865,266,27,-33
1302700115,264,25,-32
1302701365,265,25,-32
1302702615,267,28,-36
1302703865,263,28,-34
1302706455,266,25,-33
1302707705,265,30,-33
1302708955,269,33,-33
1302710205,266,32,-36
1302711455,266,33,-36
1302712705,268,29,-31
1302713955,267,29,-34
1302715205,264,27,-36
1302716455,266,29,-33
1302717705,268,31,-35
1302718955,265,27,-28
1302720205,268,28,-33
1302721455,265,26,-35
1302722705,266,24,-33
1302723955,264,29,-31
1302725205,267,30,-32
1302726455,265,29,-36
1302727705,266,26,-30
1302728955,265,27,-35
1302730205,264,27,-36
1302731455,268,28,-35
1302732705,265,26,-37
1302733955,268,32,-40
1302735205,266,28,-31
1302736455,266,29,-31
1302738952,265,32,-30
1302740202,271,31,-29
1302741452,265,32,-31
1302742702,267,30,-37
1302743952,269,31,-34
1302745202,262,32,-35
1302746452,265,29,-33
1302747702,265,26,-34
1302748952,265,33,-31
1302750202,268,27,-36
1302751452,263,30,-31
1302752702,269,28,-31
1302753952,264,25,-38
1302755202,264,29,-38
1302756452,266,27,-32
1302757702,265,26,-32
1302758952,264,27,-38
1302760202,266,32,-36
1302761452,265,27,-36
1302762702,268,24,-42
1302763952,267,30,-37
1302765202,265,32,-36
1302766452,266,25,-36
1302767702,268,28,-34
1302768952,264,28,-33
1302771370,264,31,-35
1302772620,262,33,-28
1302773870,266,29,-39
1302775120,268,27,-32
1302776370,271,30,-35
1302777620,268,33,-33
1302778870,266,29,-34
1302780120,266,28,-36
1302781370,265,28,-36
1302782620,262,27,-35
1302783870,263,26,-36
1302785120,262,27,-37
1302786370,263,28,-35
1302787620,267,30,-33
1302788870,265,30,-29
1302790120,268,27,-36
1302791370,264,29,-34
1302792620,265,30,-34
1302793870,266,28,-35
1302795120,267,27,-34
1302796370,264,27,-37
1302797620,266,25,-34
1302798870,263,30,-35
1302800120,268,24,-33
1302801370,265,25,-31
1302803922,268,28,-35
1302805172,268,30,-33
1302806422,265,34,-30
1302807672,268,31,-34
1302808922,270,33,-36
1302810172,272,32,-32
1302811422,265,29,-33
1302812672,265,26,-35
1302813922,264,28,-33
1302815172,269,30,-33
1302816422,267,26,-37
1302817672,264,29,-32
1302818922,264,28,-40
1302820172,269,29,-31
1302821422,267,27,-33
1302822672,267,29,-35
1302823922,265,29,-31
1302825172,263,26,-35
1302826422,264,29,-32
1302827672,267,28,-37
1302828922,264,28,-33
1302830172,269,24,-34
1302831422,266,28,-31
1302832672,265,26,-32
1302833922,265,26,-32
1302836331,268,26,-32
1302837581,267,35,-26
1302838831,271,25,-33
1302840081,268,31,-31
1302841331,267,31,-33
1302842581,266,31,-35
1302843831,264,29,-35
1302845081,265,29,-33
1302846331,265,28,-35
1302847581,267,30,-37
1302848831,266,29,-38
1302850081,266,27,-36
1302851331,264,29,-36
1302852581,261,30,-36
1302853831,266,28,-30
1302855081,266,25,-36
1302856331,270,27,-32
1302857581,268,26,-34
1302858831,265,26,-31
1302860081,263,28,-34
1302861331,267,26,-37
1302862581,266,27,-40
1302863831,264,29,-35
1302865081,266,30,-35
1302866331,266,27,-31
1302868952,266,26,-32
1302870202,267,31,-30
1302871452,270,32,-31
1302872702,271,28,-35
1302873952,268,27,-38
1302875202,276,32,-34
1302876452,264,28,-38
1302877702,267,26,-33
1302878952,265,28,-32
1302880202,267,28,-36
1302881452,267,30,-35
1302882702,268,26,-29
1302883952,264,26,-38
1302885202,266,26,-30
1302886452,266,26,-38
1302887702,266,26,-40
1302888952,264,29,-34
1302890202,264,29,-32
1302891452,262,28,-36
1302892702,266,26,-31
1302893952,265,30,-34
1302895202,265,29,-36
1302896452,266,29,-33
1302897702,266,25,-34
1302898952,263,30,-35
1302901370,266,27,-35
1302902620,264,35,-34
1302903870,268,31,-33
1302905120,268,32,-31
1302906370,269,30,-29
1302907620,264,33,-30
1302908870,266,29,-33
1302910120,265,29,-32
1302911370,263,28,-35
1302912620,269,24,-38
1302913870,265,31,-30
1302915120,266,27,-33
1302916370,264,28,-35
1302917620,266,27,-28
1302918870,266,29,-35
1302920120,267,26,-36
1302921370,268,25,-31
1302922620,265,29,-33
1302923870,264,29,-33
1302925120,265,28,-34
1302926370,266,30,-34
1302927620,268,29,-32
1302928870,263,30,-33
1302930120,266,28,-33
1302931370,268,27,-33
1302933922,265,28,-32
1302935172,266,30,-33
1302936422,268,30,-27
1302937672,264,27,-31
1302938922,270,32,-31
1302940172,272,30,-32
1302941422,265,28,-34
1302942672,267,26,-34
1302943922,266,25,-35
1302945172,266,28,-34
1302946422,266,33,-37
1302947672,268,28,-31
1302948922,268,26,-31
1302950172,270,27,-32
1302951422,268,28,-32
1302952672,266,27,-34
1302953922,262,28,-35
1302955172,267,27,-29
1302956422,264,27,-35
1302957672,267,29,-36
1302958922,267,26,-34
1302960172,267,26,-33
1302961422,268,28,-27
1302962672,262,31,-33
1302963922,267,26,-35
1302966331,262,28,-42
1302967581,270,29,-27
1302968831,267,30,-35
1302970081,270,29,-32
1302971331,270,32,-33
1302972581,269,33,-33
1302973831,266,30,-34
1302975081,265,29,-34
1302976331,263,26,-33
1302977581,266,24,-33
1302978831,267,31,-35
1302980081,263,30,-36
1302981331,265,22,-35
1302982581,267,28,-31
1302983831,266,27,-33
1302985081,264,29,-34
1302986331,266,26,-37
1302987581,266,27,-34
1302988831,267,28,-32
1302990081,266,30,-31
1302991331,266,28,-35
1302992581,265,29,-33
1302993831,265,29,-33
1302995081,266,27,-38
1302996331,265,26,-35
1302998834,264,28,-34
1303000084,268,31,-32
1303001334,266,31,-33
1303002584,270,34,-35
1303003834,263,33,-35
1303005084,267,31,-32
1303006334,265,28,-34
1303007584,265,26,-34
1303008834,269,25,-32
1303010084,267,26,-37
1303011334,269,27,-28
1303012584,263,28,-34
1303013834,265,29,-33
1303015084,264,32,-35
1303016334,267,27,-27
1303017584,265,28,-32
1303018834,264,27,-35
1303020084,262,30,-33
1303021334,266,28,-29
1303022584,264,27,-37
1303023834,267,30,-36
1303025084,262,27,-35
1303026334,268,26,-35
1303027584,264,31,-34
1303028834,261,28,-33
1303031431,266,24,-37
1303032681,268,30,-35
1303033931,270,33,-35
1303035181,266,31,-37
1303036431,269,31,-36
1303037681,265,29,-32
1303038931,266,27,-34
1303040181,267,26,-36
1303041431,266,28,-39
1303042681,267,25,-34
1303043931,263,33,-35
1303045181,264,27,-32
1303046431,268,29,-30
1303047681,268,28,-41
1303048931,267,24,-34
1303050181,265,32,-35
1303051431,261,25,-35
1303052681,265,26,-35
1303053931,263,29,-35
1303055181,268,28,-36
1303056431,270,31,-37
1303057681,266,27,-37
1303058931,267,27,-36
1303060181,266,26,-36
1303061431,265,30,-34
1303063865,265,29,-29
1303065115,269,29,-32
1303066365,270,24,-31
1303067615,268,30,-32
1303068865,267,34,-31
1303070115,268,30,-33
1303071365,265,26,-33
1303072615,268,24,-35
1303073865,263,33,-36
1303075115,267,29,-38
1303076365,259,28,-35
1303077615,263,26,-36
1303078865,265,28,-37
1303080115,265,27,-31
1303081365,266,25,-33
1303082615,265,28,-29
1303083865,263,25,-34
1303085115,267,28,-37
1303086365,267,28,-34
1303087615,270,24,-33
1303088865,268,28,-35
1303090115,266,29,-34
1303091365,266,23,-35
1303092615,266,28,-31
1303093865,265,28,-39
1303096300,271,30,-35
1303097550,273,30,-33
1303098800,265,33,-29
1303100050,268,30,-37
1303101300,266,32,-32
1303102550,272,32,-35
1303103800,267,24,-34
1303105050,265,27,-35
1303106300,266,24,-30
1303107550,265,27,-32
1303108800,269,27,-32
1303110050,264,26,-32
1303111300,262,29,-34
1303112550,268,27,-33
1303113800,261,32,-34
1303115050,269,29,-39
1303116300,264,29,-39
1303117550,264,28,-33
1303118800,264,29,-33
1303120050,265,28,-33
1303121300,265,22,-34
1303122550,262,28,-37
1303123800,265,30,-30
1303125050,267,25,-33
1303126300,266,27,-36
1303128922,266,25,-36
1303130172,268,31,-37
1303131422,268,34,-31
1303132672,272,27,-32
1303133922,265,32,-34
1303135172,270,32,-30
1303136422,265,27,-33
1303137672,262,27,-34
1303138922,267,22,-37
1303140172,266,24,-36
1303141422,264,26,-38
1303142672,269,28,-34
1303143922,264,31,-31
1303145172,267,28,-33
1303146422,267,26,-37
1303147672,266,26,-34
1303148922,265,24,-34
1303150172,266,25,-31
1303151422,269,26,-31
1303152672,266,29,-34
1303153922,265,29,-34
1303155172,270,27,-33
1303156422,266,29,-39
1303157672,265,30,-34
1303158922,264,28,-35
1303161331,264,29,-32
1303162581,263,32,-30
1303163831,266,29,-36
1303165081,266,27,-32
1303166331,269,29,-27
1303167581,270,27,-23
1303168831,266,28,-35
1303170081,267,26,-36
1303171331,264,28,-37
1303172581,266,27,-31
1303173831,264,26,-29
1303175081,261,29,-28
1303176331,263,26,-35
1303177581,265,28,-34
1303178831,262,30,-33
1303180081,270,28,-35
1303181331,266,28,-31
1303182581,267,28,-34
1303183831,265,27,-40
1303185081,267,26,-31
1303186331,264,25,-37
1303187581,265,30,-32
1303188831,268,24,-34
1303190081,270,26,-35
1303191331,266,29,-35
1303193797,262,31,-36
1303195047,270,26,-31
1303196297,267,26,-29
1303197547,266,28,-33
1303198797,267,29,-32
1303200047,264,34,-28
1303201297,266,29,-34
1303202547,265,25,-35
1303203797,265,28,-35
1303205047,265,30,-34
1303206297,268,25,-32
1303207547,267,25,-33
1303208797,261,27,-37
1303210047,266,28,-35
1303211297,266,26,-26
1303212547,269,27,-38
1303213797,266,29,-30
1303215047,266,27,-34
1303216297,263,28,-37
1303217547,263,30,-34
1303218797,264,29,-36
1303220047,266,27,-31
1303221297,267,28,-32
1303222547,263,25,-34
1303223797,266,31,-32
1303226370,264,29,-32
1303227620,269,33,-36
1303228870,266,28,-26
1303230120,268,26,-33
1303231370,266,31,-33
1303232620,270,31,-34
1303233870,265,25,-34
1303235120,267,28,-33
1303236370,264,31,-31
1303237620,266,26,-39
1303238870,262,32,-37
1303240120,263,29,-39
1303241370,266,28,-38
1303242620,269,27,-36
1303243870,268,25,-36
1303245120,268,25,-31
1303246370,265,28,-32
1303247620,264,30,-34
1303248870,267,26,-31
1303250120,268,27,-29
1303251370,263,28,-30
1303252620,264,27,-33
1303253870,263,26,-25
1303255120,262,26,-34
1303256370,268,26,-35
1303258767,268,25,-32
1303260017,267,31,-30
1303261267,269,30,-29
1303262517,270,30,-33
1303263767,267,29,-32
1303265017,265,32,-34
1303266267,266,28,-33
1303267517,263,26,-31
1303268767,268,29,-32
1303270017,266,27,-36
1303271267,262,27,-28
1303272517,264,28,-33
1303273767,260,30,-35
1303275017,268,28,-40
1303276267,265,33,-41
1303277517,264,26,-34
1303278767,264,28,-31
1303280017,264,29,-34
1303281267,263,28,-32
1303282517,265,27,-32
1303283767,265,28,-36
1303285017,271,24,-31
1303286267,266,25,-37
1303287517,267,27,-38
1303288767,267,25,-33
1303291331,267,28,-35
1303292581,269,30,-32
1303293831,268,31,-32
1303295081,266,28,-35
1303296331,269,29,-31
1303297581,269,30,-33
1303298831,265,25,-32
1303300081,267,25,-33
1303301331,264,29,-29
1303302581,262,30,-29
1303303831,268,25,-35
1303305081,264,29,-35
1303306331,268,24,-38
1303307581,264,27,-36
1303308831,266,27,-37
1303310081,264,31,-34
1303311331,262,27,-33
1303312581,264,30,-32
1303313831,264,28,-32
1303315081,267,25,-33
1303316331,262,27,-39
1303317581,265,25,-36
1303318831,269,23,-39
1303320081,267,28,-30
1303321331,266,29,-30
1303323834,263,29,-33
1303325084,270,29,-35
1303326334,266,24,-35
1303327584,269,26,-27
1303328834,270,31,-31
1303330084,264,29,-32
1303331334,266,26,-35
1303332584,263,28,-37
1303333834,266,28,-34
1303335084,265,28,-30
1303336334,266,25,-35
1303337584,267,31,-33
1303338834,266,29,-34
1303340084,265,28,-31
1303341334,264,28,-33
1303342584,265,27,-27
1303343834,266,28,-38
1303345084,264,29,-34
1303346334,263,26,-31
1303347584,266,29,-34
1303348834,264,29,-34
1303350084,264,28,-35
1303351334,267,23,-35
1303352584,267,27,-34
1303353834,267,28,-35
1303356276,263,30,-34
1303357526,267,32,-34
1303358776,267,34,-29
1303360026,265,31,-33
1303361276,271,28,-30
1303362526,270,32,-32
1303363776,266,30,-34
1303365026,266,29,-33
1303366276,265,25,-32
1303367526,265,27,-34
1303368776,268,27,-27
1303370026,265,29,-30
1303371276,268,26,-34
1303372526,266,27,-31
1303373776,263,32,-35
1303375026,260,28,-31
1303376276,266,29,-36
1303377526,265,30,-31
1303378776,264,26,-34
1303380026,268,28,-34
1303381276,268,26,-33
1303382526,266,26,-35
1303383776,267,22,-35
1303385026,264,31,-32
1303386276,265,27,-34
1303388767,264,30,-33
1303390017,266,32,-37
1303391267,269,31,-37
1303392517,267,27,-35
1303393767,269,30,-35
1303395017,268,34,-33
1303396267,268,28,-38
1303397517,265,28,-30
1303398767,263,28,-33
1303400017,266,25,-37
1303401267,269,28,-33
1303402517,266,26,-35
1303403767,271,24,-31
1303405017,264,30,-37
1303406267,266,23,-34
1303407517,266,27,-38
1303408767,268,29,-30
1303410017,267,27,-35
1303411267,266,26,-35
1303412517,263,27,-38
1303413767,264,27,-33
1303415017,261,29,-33
1303416267,266,30,-31
1303417517,267,29,-31
1303418767,261,31,-32
1303421331,263,28,-38
1303422581,268,29,-33
1303423831,266,31,-38
1303425081,270,28,-34
1303426331,269,30,-34
1303427581,272,30,-31
1303428831,265,29,-36
1303430081,267,26,-33
1303431331,266,24,-32
1303432581,262,31,-41
1303433831,263,24,-39
1303435081,266,25,-37
1303436331,267,29,-29
1303437581,269,25,-33
1303438831,268,28,-32
1303440081,266,27,-35
1303441331,265,27,-36
1303442581,268,27,-34
1303443831,264,29,-33
1303445081,266,30,-35
1303446331,266,28,-31
1303447581,265,27,-39
1303448831,272,31,-30
1303450081,263,27,-32
1303451331,267,27,-35
1303453797,268,28,-36
1303455047,265,31,-33
1303456297,264,28,-30
1303457547,264,29,-35
1303458797,265,30,-30
1303460047,265,29,-33
1303461297,268,27,-33
1303462547,265,26,-36
1303463797,270,29,-37
1303465047,265,29,-35
1303466297,265,27,-39
1303467547,263,28,-32
1303468797,262,27,-30
1303470047,263,30,-35
1303471297,269,26,-39
1303472547,266,28,-35
1303473797,265,27,-36
1303475047,267,31,-32
1303476297,263,30,-33
1303477547,265,25,-32
1303478797,267,27,-33
1303480047,266,28,-36
1303481297,264,31,-29
1303482547,264,27,-33
1303483797,267,29,-31
1303486370,267,27,-37
1303487620,269,29,-31
1303488870,267,31,-36
1303490120,269,30,-34
1303491370,269,28,-31
1303492620,266,28,-34
1303493870,264,27,-33
1303495120,265,26,-36
1303496370,264,29,-33
1303497620,267,27,-35
1303498870,262,28,-38
1303500120,268,25,-34
1303501370,266,29,-34
1303502620,266,25,-31
1303503870,264,29,-36
1303505120,266,29,-34
1303506370,266,25,-35
1303507620,265,27,-36
1303508870,265,27,-35
1303510120,264,27,-33
1303511370,268,28,-35
1303512620,266,32,-34
1303513870,264,26,-32
1303515120,270,27,-31
1303516370,266,25,-34
1303518767,267,30,-32
1303520017,268,32,-31
1303521267,266,27,-37
1303522517,271,30,-35
1303523767,272,31,-35
1303525017,273,23,-35
1303526267,266,29,-34
1303527517,266,26,-33
1303528767,268,23,-35
1303530017,266,28,-37
1303531267,265,28,-36
1303532517,270,28,-33
1303533767,268,24,-34
1303535017,264,29,-35
1303536267,267,28,-34
1303537517,268,27,-40
1303538767,263,26,-35
1303540017,263,30,-32
1303541267,263,33,-34
1303542517,267,31,-34
1303543767,267,25,-36
1303545017,266,30,-41
1303546267,266,27,-31
1303547517,265,30,-35
1303548767,266,27,-37
1303551331,263,31,-37
1303552581,269,29,-32
1303553831,270,34,-34
1303555081,267,28,-28
1303556331,267,30,-32
1303557581,268,30,-36
1303558831,268,28,-38
1303560081,264,25,-36
1303561331,265,28,-34
1303562581,266,28,-38
1303563831,265,28,-36
1303565081,263,30,-33
1303566331,265,28,-32
1303567581,267,24,-32
1303568831,269,25,-30
1303570081,268,26,-31
1303571331,266,28,-33
1303572581,267,24,-39
1303573831,263,31,-33
1303575081,265,23,-33
1303576331,266,25,-31
1303577581,270,25,-35
1303578831,267,28,-29
1303580081,263,28,-32
1303581331,268,28,-32
1303583797,267,27,-35
1303585047,264,29,-29
1303586297,265,32,-32
1303587547,267,29,-39
1303588797,265,33,-32
1303590047,269,31,-29
1303591297,269,25,-35
1303592547,264,28,-35
1303593797,268,32,-33
1303595047,265,29,-31
1303596297,265,30,-40
1303597547,260,29,-30
1303598797,267,29,-28
1303600047,266,29,-37
1303601297,270,24,-33
1303602547,266,29,-31
1303603797,266,28,-38
1303605047,268,29,-32
1303606297,264,29,-34
1303607547,267,28,-31
1303608797,267,29,-32
1303610047,263,26,-32
1303611297,268,29,-35
1303612547,263,26,-33
1303613797,263,28,-35
1303616207,266,33,-38
1303617457,273,26,-34
1303618707,268,33,-36
1303619957,269,30,-29
1303621207,268,29,-32
1303622457,271,31,-26
1303623707,264,28,-34
1303624957,265,29,-34
1303626207,266,29,-34
1303627457,266,28,-35
1303628707,264,24,-31
1303629957,265,29,-31
1303631207,266,32,-41
1303632457,267,30,-32
1303633707,264,32,-38
1303634957,265,29,-35
1303636207,265,28,-30
1303637457,265,28,-29
1303638707,263,28,-33
1303639957,265,27,-36
1303641207,264,29,-34
1303642457,265,29,-34
1303643707,267,27,-33
1303644957,263,33,-31
1303646207,262,31,-33
1303648767,264,28,-37
1303650017,269,27,-29
1303651267,272,31,-35
1303652517,263,27,-30
1303653767,266,28,-31
1303655017,267,34,-35
1303656267,267,28,-35
1303657517,265,30,-34
1303658767,269,31,-33
1303660017,266,22,-33
1303661267,264,26,-33
1303662517,268,27,-36
1303663767,269,29,-30
1303665017,265,27,-36
1303666267,268,33,-30
1303667517,265,33,-36
1303668767,265,27,-35
1303670017,265,26,-31
1303671267,265,27,-34
1303672517,263,26,-36
1303673767,265,31,-33
1303675017,270,24,-29
1303676267,269,25,-35
1303677517,267,28,-31
1303678767,265,28,-30
1303681331,269,27,-34
1303682581,273,30,-35
1303683831,264,30,-34
1303685081,270,27,-39
1303686331,271,32,-33
1303687581,268,30,-38
1303688831,265,26,-34
1303690081,265,28,-33
1303691331,268,27,-31
1303692581,268,31,-32
1303693831,265,26,-30
1303695081,263,31,-31
1303696331,267,29,-35
1303697581,265,29,-37
1303698831,262,28,-36
1303700081,265,26,-33
1303701331,266,28,-35
1303702581,267,29,-33
1303703831,265,28,-33
1303705081,269,29,-37
1303706331,262,28,-36
1303707581,267,30,-34
1303708831,268,30,-34
1303710081,265,28,-34
1303711331,263,29,-33
1303713797,265,30,-37
1303715047,265,32,-31
1303716297,266,28,-30
1303717547,271,29,-29
1303718797,270,28,-35
1303720047,266,30,-34
1303721297,267,30,-36
1303722547,264,28,-36
1303723797,266,26,-33
1303725047,260,28,-33
1303726297,263,28,-30
1303727547,267,24,-36
1303728797,264,26,-35
1303730047,264,31,-33
1303731297,263,31,-37
1303732547,266,23,-33
1303733797,265,26,-31
1303735047,267,29,-35
1303736297,268,29,-35
1303737547,267,28,-32
1303738797,267,28,-34
1303740047,265,26,-37
1303741297,267,24,-28
1303742547,265,28,-35
1303743797,267,27,-35
1303746207,265,29,-33
1303747457,268,30,-31
1303748707,260,30,-31
1303749957,264,31,-31
1303751207,269,26,-33
1303752457,267,30,-34
1303753707,266,27,-34
1303754957,267,28,-34
1303756207,267,26,-32
1303757457,264,26,-34
1303758707,267,27,-33
1303759957,267,24,-35
1303761207,266,28,-35
1303762457,268,30,-37
1303763707,268,26,-30
1303764957,266,26,-33
1303766207,265,29,-37
1303767457,265,27,-35
1303768707,266,27,-33
1303769957,266,23,-34
1303771207,265,28,-32
1303772457,267,28,-28
1303773707,262,27,-31
1303774957,266,25,-31
1303776207,270,25,-34
1303778767,264,29,-37
1303780017,268,27,-32
1303781267,271,33,-32
1303782517,268,29,-30
1303783767,269,28,-34
1303785017,268,31,-35
1303786267,265,28,-32
1303787517,265,27,-36
1303788767,265,28,-33
1303790017,263,29,-35
1303791267,263,30,-32
1303792517,267,32,-32
1303793767,263,30,-33
1303795017,264,28,-33
1303796267,264,30,-36
1303797517,266,29,-35
1303798767,263,31,-32
1303800017,266,27,-37
1303801267,267,24,-33
1303802517,265,25,-34
1303803767,264,30,-35
1303805017,265,28,-32
1303806267,267,30,-33
1303807517,264,28,-30
1303808767,265,26,-32
1303811175,265,29,-33
1303812425,269,34,-32
1303813675,266,29,-27
1303814925,267,30,-41
1303816175,267,30,-31
1303817425,269,32,-33
1303818675,267,28,-34
1303819925,264,28,-33
1303821175,265,26,-36
1303822425,264,27,-35
1303823675,269,29,-37
1303824925,266,28,-36
1303826175,265,30,-33
1303827425,267,28,-41
1303828675,267,25,-38
1303829925,266,29,-33
1303831175,268,28,-36
1303832425,260,29,-35
1303833675,265,28,-32
1303834925,263,28,-32
1303836175,264,28,-35
1303837425,266,28,-35
1303838675,266,28,-33
1303839925,266,27,-34
1303841175,265,25,-35
1303843679,266,29,-38
1303844929,268,28,-30
1303846179,269,32,-33
1303847429,268,35,-32
1303848679,264,33,-30
1303849929,270,30,-29
1303851179,268,27,-34
1303852429,265,28,-34
1303853679,265,29,-36
1303854929,265,23,-29
1303856179,263,28,-37
1303857429,264,28,-35
1303858679,266,28,-40
1303859929,266,25,-36
1303861179,263,30,-33
1303862429,270,32,-40
1303863679,262,27,-33
1303864929,266,29,-32
1303866179,266,32,-36
1303867429,265,25,-33
1303868679,267,29,-35
1303869929,265,27,-37
1303871179,269,28,-36
1303872429,266,28,-34
1303873679,260,29,-34
1303876300,264,28,-35
1303877550,266,32,-30
1303878800,265,30,-33
1303880050,267,30,-32
1303881300,267,32,-27
1303882550,267,31,-31
1303883800,264,27,-35
1303885050,264,27,-37
1303886300,266,26,-33
1303887550,266,27,-31
1303888800,270,31,-32
1303890050,266,27,-31
1303891300,265,31,-35
1303892550,265,30,-34
1303893800,265,30,-35
1303895050,268,30,-30
1303896300,267,30,-33
1303897550,262,27,-34
1303898800,268,31,-32
1303900050,265,27,-33
1303901300,266,25,-38
1303902550,269,28,-34
1303903800,265,29,-40
1303905050,267,23,-35
1303906300,265,29,-32
1303908767,266,26,-35
1303910017,269,27,-35
1303911267,265,27,-33
1303912517,266,31,-31
1303913767,268,33,-33
1303915017,267,26,-35
1303916267,268,26,-34
1303917517,266,24,-34
1303918767,264,29,-33
1303920017,264,28,-32
1303921267,266,30,-30
1303922517,266,30,-30
1303923767,264,25,-37
1303925017,264,23,-37
1303926267,263,26,-38
1303927517,269,28,-38
1303928767,267,28,-32
1303930017,265,27,-37
1303931267,261,27,-33
1303932517,264,27,-36
1303933767,267,25,-33
1303935017,266,29,-38
1303936267,263,28,-29
1303937517,263,31,-35
1303938767,268,30,-34
1303941175,265,29,-38
1303942425,268,31,-26
1303943675,268,34,-31
1303944925,269,31,-33
1303946175,268,33,-30
1303947425,268,33,-32
1303948675,265,27,-33
1303949925,266,26,-34
1303951175,267,24,-33
1303952425,267,30,-35
1303953675,265,29,-37
1303954925,269,27,-31
1303956175,265,27,-31
1303957425,267,25,-32
1303958675,267,24,-29
1303959925,262,28,-33
1303961175,264,29,-34
1303962425,266,26,-37
1303963675,264,28,-33
1303964925,267,27,-34
1303966175,266,28,-34
1303967425,269,25,-31
1303968675,266,33,-35
1303969925,264,29,-35
1303971175,264,28,-32
1303973679,265,27,-34
1303974929,267,26,-39
1303976179,270,32,-31
1303977429,269,33,-32
1303978679,266,28,-30
1303979929,268,31,-30
1303981179,269,28,-36
1303982429,266,26,-33
1303983679,270,27,-35
1303984929,264,32,-33
1303986179,269,26,-33
1303987429,265,29,-33
1303988679,266,27,-29
1303989929,264,28,-32
1303991179,268,26,-28
1303992429,266,30,-31
1303993679,261,26,-31
1303994929,268,27,-37
1303996179,264,27,-33
1303997429,265,25,-35
1303998679,265,26,-38
1303999929,264,27,-37
1304001179,262,30,-37
1304002429,263,32,-36
1304003679,266,26,-35
1304006144,265,29,-34
1304007394,268,30,-31
1304008644,269,30,-35
1304009894,266,24,-38
1304011144,268,28,-34
1304012394,267,33,-37
1304013644,265,29,-32
1304014894,265,27,-33
1304016144,269,28,-30
1304017394,265,26,-33
1304018644,261,31,-41
1304019894,263,28,-31
1304021144,267,29,-35
1304022394,268,29,-42
1304023644,269,25,-36
1304024894,266,27,-31
1304026144,268,27,-34
1304027394,264,30,-36
1304028644,266,25,-36
1304029894,267,25,-39
1304031144,269,27,-33
1304032394,329,-142,174
1304033644,328,-26,-6
1304034894,254,-23,8
1304036144,271,-86,1
1304038710,282,-140,7
1304039960,331,-41,-46
1304041210,335,-14,-65
1304042460,287,-58,-32
1304043710,329,96,-58
1304044960,157,-207,-19
1304046210,250,-253,10
1304047460,105,-198,-17
1304048710,466,-32,-21
1304049960,180,-15,15
1304051210,6,-15,14
1304052460,646,623,-152
1304053710,406,495,-91
1304054960,128,4,-11
1304056210,329,46,-13
1304057460,256,-23,-37
1304058710,417,-25,-39
1304059960,260,-92,-1
1304061210,146,-124,26
1304062460,432,141,-45
1304063710,329,-3,-48
1304064960,255,-182,21
1304066210,145,-160,7
1304067460,379,44,-33
1304068710,498,80,-37
1304071144,-18,-118,38
1304072394,531,260,-38
1304073644,43,-12,7
1304074894,487,215,-96
1304076144,266,106,12
1304077394,195,85,-33
1304078644,358,195,-63
1304079894,156,-107,44
1304081144,384,-6,45
1304082394,146,-37,-59
1304083644,256,207,-34
1304084894,398,186,-22
1304086144,200,204,-70
1304087394,306,178,-47
1304088644,344,118,-57
1304089894,328,74,-67
1304091144,324,48,-90
1304092394,336,18,-92
1304093644,320,-6,-106
1304094894,296,35,-88
1304096144,305,121,-96
1304097394,301,137,-112
1304098644,303,106,-88
1304099894,298,58,-73
1304101144,291,23,-66
1304103710,301,7,-59
1304104960,302,9,-51
1304106210,294,27,-43
1304107460,289,33,-38
1304108710,275,52,-44
1304109960,278,69,-37
1304111210,284,60,-37
1304112460,286,44,-37
1304113710,286,42,-35
1304114960,291,43,-44
1304116210,293,39,-39
1304117460,296,38,-35
1304118710,296,42,-40
1304119960,294,48,-39
1304121210,296,49,-37
1304122460,304,48,-31
1304123710,292,53,-45
1304124960,296,63,-38
1304126210,299,62,-41
1304127460,312,45,-36
1304128710,292,53,-40
1304129960,304,61,-37
1304131210,305,70,-43
1304132460,302,54,-46
1304133710,300,55,-33
1304136144,301,56,-36
1304137394,305,48,-38
1304138644,306,40,-31
1304139894,301,51,-36
1304141144,294,60,-31
1304142394,289,58,-32
1304143644,296,50,-36
1304144894,292,44,-29
1304146144,290,43,-29
1304147394,285,49,-30
1304148644,284,49,-26
1304149894,283,51,-27
1304151144,278,44,-29
1304152394,280,45,-22
1304153644,281,45,-28
1304154894,283,42,-19
1304156144,284,44,-26
1304157394,282,45,-27
1304158644,283,43,-27
1304159894,282,42,-29
1304161144,280,39,-27
1304162394,277,42,-30
1304163644,281,35,-32
1304164894,278,38,-25
1304166144,277,40,-29
1304168710,279,38,-28
1304169960,284,40,-32
1304171210,284,42,-30
1304172460,282,43,-25
1304173710,283,41,-25
1304174960,283,46,-28
1304176210,279,39,-27
1304177460,278,41,-28
1304178710,279,43,-25
1304179960,283,34,-24
1304181210,281,42,-23
1304182460,278,45,-28
1304183710,279,42,-32
1304184960,282,33,-28
1304186210,283,33,-25
1304187460,287,29,-16
1304188710,284,37,-26
1304189960,285,36,-21
1304191210,284,35,-23
1304192460,285,33,-23
1304193710,286,33,-23
1304194960,284,35,-22
1304196210,286,36,-24
1304197460,291,40,-28
1304198710,289,37,-25
1304201144,289,36,-22
1304202394,292,43,-26
1304203644,292,40,-23
1304204894,291,41,-23
1304206144,291,48,-27
1304207394,292,49,-24
1304208644,297,41,-21
1304209894,293,45,-24
1304211144,295,45,-29
1304212394,294,47,-26
1304213644,298,46,-28
1304214894,298,43,-20
1304216144,291,46,-31
1304217394,296,42,-24
1304218644,295,45,-26
1304219894,299,41,-23
1304221144,297,43,-24
1304222394,293,39,-27
1304223644,299,34,-19
1304224894,300,38,-20
1304226144,296,35,-13
1304227394,296,31,-15
1304228644,296,33,-17
1304229894,299,28,-17
1304231144,300,30,-13
1304233767,299,29,-9
1304235017,299,34,-18
1304236267,298,33,-18
1304237517,294,41,-5
1304238767,293,37,-12
1304240017,293,35,-12
1304241267,292,29,-13
1304242517,294,31,-19
1304243767,291,34,-24
1304245017,291,26,-11
1304246267,296,27,-10
1304247517,292,36,-14
1304248767,290,34,-12
1304250017,291,30,-10
1304251267,292,26,-16
1304252517,285,32,-10
1304253767,287,28,-14
1304255017,287,22,-13
1304256267,285,25,-6
1304257517,284,23,-9
1304258767,286,22,-10
1304260017,284,23,-13
1304261267,281,21,-14
1304262517,283,23,-8
1304263767,286,25,-15
1304266175,282,19,-10
1304267425,287,23,-11
1304268675,284,13,-12
1304269925,281,20,-11
1304271175,277,16,-4
1304272425,287,25,-6
1304273675,281,16,-11
1304274925,280,16,-9
1304276175,279,19,-8
1304277425,280,19,-7
1304278675,281,19,1
1304279925,282,19,-8
1304281175,280,12,-7
1304282425,280,13,-7
1304283675,280,11,-7
1304284925,282,12,-9
1304286175,282,11,-5
1304287425,278,11,-8
1304288675,283,11,0
1304289925,277,11,-5
1304291175,278,10,0
1304292425,280,6,-5
1304293675,276,9,-3
1304294925,281,6,-1
1304296175,282,5,-3
1304298679,278,9,-4
1304299929,283,9,-1
1304301179,285,11,-1
1304302429,287,8,1
1304303679,280,12,1
1304304929,282,7,-1
1304306179,279,7,-3
1304307429,280,5,-2
1304308679,279,6,-9
1304309929,279,4,-3
1304311179,279,-1,0
1304312429,276,5,2
1304313679,278,2,0
1304314929,278,1,-1
1304316179,276,0,0
1304317429,272,0,3
1304318679,278,-1,0
1304319929,273,0,-2
1304321179,270,-2,1
1304322429,276,-2,4
1304323679,273,-6,1
1304324929,271,-4,6
1304326179,272,-7,3
1304327429,274,-8,8
1304328679,276,-9,2
1304331144,274,-2,1
1304332394,280,-5,7
1304333644,279,-4,9
1304334894,272,-11,4
1304336144,274,-10,5
1304337394,273,-3,6
1304338644,274,-10,4
1304339894,270,-11,3
1304341144,269,-10,4
1304342394,271,-11,2
1304343644,272,-3,5
1304344894,270,-11,7
1304346144,269,-14,1
1304347394,269,-14,3
1304348644,269,-11,-3
1304349894,272,-18,3
1304351144,268,-16,0
1304352394,270,-14,5
1304353644,265,-13,3
1304354894,265,-15,1
1304356144,268,-12,6
1304357394,270,-11,0
1304358644,268,-9,-2
1304359894,270,-9,2
1304361144,271,0,1
1304363710,270,-4,-2
1304364960,275,-4,-5
1304366210,270,-1,-2
1304367460,272,0,-3
1304368710,269,4,-4
1304369960,267,-2,-1
1304371210,265,-12,4
1304372460,254,-24,31
1304373710,272,10,-21
1304374960,268,5,-1
1304376210,270,-11,-1
1304377460,264,-15,1
1304378710,262,-13,-6
1304379960,266,-17,2
1304381210,264,-13,0
1304382460,267,-16,8
1304383710,266,-11,4
1304384960,263,-17,6
1304386210,264,-20,8
1304387460,264,-28,11
1304388710,258,-35,38
1304389960,266,-10,-1
1304391210,265,-17,-5
1304392460,263,-32,5
1304393710,262,-34,13
1304396144,256,-30,12
1304397394,262,-23,9
1304398644,264,-31,15
1304399894,262,-27,19
1304401144,263,-24,11
1304402394,257,-34,25
1304403644,258,-31,15
1304404894,259,-27,16
1304406144,260,-24,14
1304407394,261,-33,20
1304408644,266,-38,15
1304409894,264,-30,18
1304411144,258,-34,18
1304412394,258,-36,21
1304413644,255,-30,16
1304414894,257,-32,19
1304416144,258,-36,21
1304417394,256,-34,14
1304418644,263,-35,14
1304419894,259,-31,22
1304421144,261,-32,17
1304422394,264,-29,19
1304423644,261,-26,11
1304424894,258,-34,16
1304426144,260,-39,16
1304428710,255,-25,17
1304429960,259,-28,25
1304431210,261,-19,17
1304432460,259,-27,32
1304433710,261,-25,13
1304434960,260,-25,14
1304436210,258,-35,16
1304437460,259,-33,16
1304438710,258,-31,19
1304439960,257,-32,20
1304441210,255,-37,33
1304442460,260,-23,12
1304443710,255,-29,13
1304444960,254,-35,18
1304446210,253,-35,18
1304447460,251,-37,18
1304448710,252,-33,16
1304449960,250,-35,21
1304451210,246,-36,23
1304452460,243,-40,23
1304453710,246,-36,19
1304454960,248,-40,23
1304456210,247,-38,21
1304457460,251,-39,26
1304458710,245,-34,26
1304461206,247,-35,23
1304462456,248,-35,28
1304463706,242,-34,26
1304464956,244,-40,26
1304466206,251,-43,27
1304467456,244,-39,29
1304468706,240,-39,26
1304469956,239,-46,26
1304471206,240,-44,33
1304472456,236,-42,26
1304473706,236,-42,26
1304474956,238,-42,28
1304476206,246,-47,30
1304477456,241,-41,26
1304478706,243,-48,32
1304479956,239,-48,26
1304481206,242,-50,27
1304482456,239,-46,30
1304483706,241,-51,25
1304484956,242,-46,29
1304486206,242,-47,29
1304487456,240,-45,33
1304488706,243,-44,30
1304489956,241,-45,32
1304491206,242,-53,36
1304493613,237,-54,48
1304494863,252,-25,23
1304496113,250,-34,28
1304497363,245,-43,33
1304498613,242,-39,26
1304499863,242,-41,30
1304501113,245,-47,28
1304502363,237,-48,30
1304503613,240,-46,30
1304504863,240,-44,31
1304506113,238,-48,31
1304507363,240,-48,29
1304508613,238,-48,32
1304509863,240,-50,33
1304511113,235,-54,34
1304512363,237,-49,30
1304513613,239,-53,29
1304514863,236,-51,35
1304516113,235,-49,29
1304517363,234,-49,31
1304518613,233,-47,28
1304519863,232,-49,30
1304521113,233,-47,30
1304522363,235,-48,29
1304523613,233,-48,29
1304526107,232,-50,25
1304527357,235,-48,33
1304528607,233,-48,29
1304529857,235,-49,30
1304531107,238,-47,27
1304532357,241,-43,37
1304533607,234,-48,33
1304534857,234,-43,37
1304536107,241,-52,39
1304537357,239,-51,36
1304538607,233,-48,40
1304539857,235,-49,31
1304541107,240,-53,40
1304542357,238,-51,39
1304543607,236,-53,34
1304544857,235,-52,35
1304546107,234,-51,29
1304547357,241,-57,35
1304548607,238,-52,35
1304549857,234,-51,40
1304551107,234,-50,36
1304552357,237,-55,36
1304553607,237,-55,35
1304554857,237,-57,37
1304556107,236,-53,41
1304558643,237,-58,38
1304559893,241,-52,36
1304561143,241,-46,38
1304562393,244,-54,35
1304563643,234,-51,40
1304564893,239,-47,45
1304566143,238,-56,40
1304567393,234,-53,40
1304568643,240,-56,39
1304569893,235,-57,38
1304571143,237,-58,40
1304572393,241,-57,38
1304573643,242,-61,42
1304574893,240,-54,38
1304576143,240,-55,45
1304577393,241,-55,42
1304578643,237,-59,42
1304579893,237,-59,40
1304581143,241,-57,47
1304582393,239,-55,44
1304583643,241,-59,41
1304584893,237,-55,44
1304586143,237,-62,41
1304587393,236,-64,46
1304588643,235,-62,41
1304591240,234,-63,53
1304592490,243,-52,44
1304593740,244,-50,41
1304594990,240,-54,46
1304596240,241,-50,43
1304597490,239,-59,42
1304598740,237,-63,42
1304599990,234,-62,44
1304601240,236,-55,48
1304602490,237,-64,38
1304603740,235,-57,43
1304604990,234,-58,44
1304606240,235,-63,45
1304607490,235,-62,48
1304608740,233,-59,41
1304609990,230,-61,42
1304611240,233,-59,47
1304612490,232,-58,47
1304613740,234,-60,41
1304614990,233,-61,48
1304616240,236,-59,43
1304617490,235,-58,45
1304618740,236,-62,43
1304619990,236,-58,42
1304621240,234,-61,45
1304623613,233,-62,44
1304624863,238,-64,50
1304626113,240,-61,50
1304627363,239,-57,46
1304628613,242,-58,47
1304629863,239,-61,49
1304631113,239,-61,45
1304632363,238,-64,42
1304633613,240,-65,49
1304634863,236,-64,48
1304636113,237,-64,54
1304637363,240,-73,53
1304638613,236,-64,48
1304639863,238,-61,50
1304641113,234,-63,51
1304642363,234,-60,41
1304643613,237,-67,49
1304644863,234,-64,49
1304646113,233,-64,49
1304647363,230,-71,53
1304648613,234,-66,46
1304649863,236,-67,57
1304651113,229,-72,59
1304652363,232,-70,59
1304653613,234,-66,48
1304656107,235,-61,49
1304657357,239,-65,48
1304658607,239,-79,75
1304659857,237,-69,42
1304661107,239,-71,47
1304662357,241,-70,52
1304663607,232,-71,49
1304664857,233,-69,51
1304666107,233,-68,58
1304667357,233,-71,62
1304668607,233,-60,50
1304669857,236,-67,47
1304671107,236,-70,49
1304672357,234,-66,47
1304673607,235,-73,54
1304674857,234,-71,53
1304676107,229,-73,49
1304677357,230,-67,51
1304678607,227,-72,53
1304679857,228,-72,47
1304681107,229,-69,54
1304682357,228,-73,56
1304683607,226,-73,50
1304684857,225,-77,59
1304686107,223,-70,49
1304688643,221,-73,53
1304689893,227,-71,50
1304691143,225,-69,54
1304692393,226,-73,50
1304693643,225,-73,51
1304694893,226,-75,56
1304696143,225,-74,53
1304697393,227,-75,52
1304698643,230,-73,50
1304699893,231,-77,52
1304701143,225,-75,49
1304702393,227,-78,47
1304703643,234,-76,56
1304704893,226,-76,52
1304706143,228,-75,53
1304707393,228,-73,53
1304708643,224,-75,55
1304709893,228,-77,52
1304711143,227,-76,57
1304712393,224,-81,60
1304713643,224,-79,57
1304714893,222,-76,53
1304716143,228,-78,61
1304717393,223,-79,54
1304718643,224,-80,56
1304721077,226,-76,53
1304722327,227,-80,58
1304723577,222,-76,57
1304724827,226,-75,50
1304726077,224,-73,51
1304727327,227,-72,58
1304728577,226,-77,53
1304729827,224,-76,52
1304731077,221,-76,53
1304732327,225,-74,53
1304733577,224,-73,48
1304734827,220,-74,50
1304736077,220,-76,55
1304737327,221,-78,54
1304738577,219,-74,53
1304739827,221,-81,57
1304741077,218,-79,52
1304742327,215,-79,53
1304743577,219,-82,54
1304744827,219,-84,55
1304746077,217,-82,56
1304747327,217,-82,58
1304748577,221,-81,53
1304749827,219,-81,53
1304751077,221,-83,51
1304753643,220,-81,52
1304754893,223,-75,59
1304756143,221,-80,55
1304757393,224,-81,58
1304758643,224,-75,63
1304759893,227,-74,55
1304761143,221,-79,57
1304762393,222,-80,55
1304763643,224,-75,49
1304764893,221,-77,55
1304766143,221,-86,52
1304767393,221,-81,56
1304768643,227,-82,59
1304769893,219,-82,60
1304771143,221,-79,62
1304772393,222,-83,58
1304773643,223,-85,55
1304774893,224,-82,57
1304776143,226,-81,55
1304777393,226,-81,58
1304778643,224,-81,59
1304779893,224,-83,54
1304781143,228,-84,57
1304782393,226,-79,54
1304783643,224,-79,59
1304786077,227,-78,58
1304787327,225,-76,58
1304788577,228,-80,63
1304789827,229,-79,62
1304791077,233,-76,58
1304792327,231,-74,62
1304793577,231,-80,57
1304794827,231,-81,56
1304796077,230,-81,57
1304797327,232,-78,59
1304798577,229,-78,57
1304799827,231,-80,58
1304801077,235,-83,55
1304802327,234,-83,60
1304803577,234,-77,59
1304804827,232,-79,62
1304806077,235,-81,61
1304807327,235,-79,60
1304808577,230,-78,62
1304809827,235,-77,61
1304811077,233,-81,61
1304812327,232,-81,59
1304813577,230,-75,60
1304814827,231,-78,65
1304816077,233,-78,57
1304818643,232,-79,56
1304819893,237,-76,54
1304821143,238,-75,55
1304822393,234,-73,62
1304823643,235,-77,57
1304824893,238,-76,57
1304826143,230,-77,58
1304827393,232,-81,57
1304828643,234,-79,60
1304829893,234,-80,58
1304831143,233,-76,57
1304832393,235,-79,62
1304833643,236,-80,56
1304834893,232,-83,61
1304836143,232,-84,59
1304837393,230,-80,61
1304838643,232,-81,61
1304839893,233,-76,59
1304841143,234,-80,63
1304842393,237,-81,54
1304843643,237,-81,57
1304844893,238,-80,57
1304846143,235,-77,63
1304847393,239,-79,56
1304848643,237,-79,61
1304851077,239,-80,57
1304852327,239,-78,61
1304853577,237,-73,59
1304854827,241,-76,61
1304856077,246,-78,61
1304857327,242,-77,59
1304858577,240,-80,59
1304859827,239,-82,60
1304861077,240,-79,57
1304862327,241,-82,64
1304863577,242,-84,62
1304864827,243,-83,61
1304866077,243,-82,61
1304867327,239,-79,64
1304868577,243,-73,59
1304869827,242,-79,62
1304871077,244,-80,61
1304872327,248,-78,59
1304873577,241,-80,60
1304874827,244,-79,63
1304876077,241,-80,58
1304877327,239,-83,57
1304878577,236,-80,61
1304879827,234,-80,64
1304881077,237,-82,58
1304883643,237,-80,60
1304884893,243,-82,63
1304886143,241,-76,60
1304887393,241,-78,67
1304888643,240,-79,63
1304889893,240,-76,59
1304891143,241,-78,63
1304892393,238,-80,60
1304893643,240,-80,63
1304894893,239,-83,60
1304896143,236,-78,60
1304897393,240,-79,62
1304898643,247,-76,58
1304899893,237,-80,61
1304901143,239,-75,62
1304902393,245,-73,57
1304903643,246,-82,63
1304904893,243,-77,58
1304906143,245,-75,58
1304907393,247,-75,61
1304908643,245,-77,63
1304909893,246,-79,57
1304911143,247,-81,57
1304912393,245,-78,60
1304913643,244,-79,62
1304916077,245,-76,61
1304917327,251,-75,64
1304918577,251,-72,58
1304919827,253,-78,61
1304921077,249,-74,62
1304922327,254,-73,63
1304923577,251,-76,60
1304924827,252,-75,59
1304926077,252,-75,60
1304927327,248,-74,61
1304928577,251,-75,59
1304929827,252,-76,62
1304931077,249,-76,57
1304932327,251,-76,58
1304933577,248,-74,57
1304934827,248,-74,60
1304936077,247,-76,63
1304937327,251,-80,59
1304938577,247,-75,58
1304939827,246,-74,60
1304941077,252,-75,59
1304942327,253,-84,59
1304943577,248,-75,62
1304944827,251,-77,57
1304946077,249,-78,63
1304948643,248,-73,62
1304949893,252,-77,63
1304951143,251,-72,59
1304952393,252,-76,60
1304953643,252,-72,56
1304954893,255,-73,62
1304956143,251,-75,62
1304957393,251,-78,60
1304958643,250,-74,55
1304959893,254,-70,54
1304961143,251,-75,56
1304962393,253,-74,51
1304963643,253,-77,58
1304964893,250,-70,58
1304966143,247,-76,56
1304967393,251,-78,58
1304968643,248,-78,55
1304969893,251,-73,58
1304971143,248,-79,61
1304972393,253,-80,60
1304973643,248,-74,60
1304974893,246,-81,62
1304976143,246,-72,59
1304977393,250,-74,60
1304978643,250,-76,57
1304981077,250,-74,55
1304982327,250,-69,61
1304983577,249,-68,56
1304984827,250,-76,60
1304986077,253,-71,58
1304987327,250,-71,59
1304988577,246,-72,57
1304989827,246,-73,55
1304991077,244,-71,58
1304992327,247,-79,54
1304993577,251,-75,57
1304994827,246,-75,58
1304996077,249,-73,59
1304997327,246,-72,56
1304998577,246,-69,56
1304999827,251,-76,56
1305001077,249,-72,56
1305002327,245,-75,57
1305003577,245,-73,57
1305004827,245,-74,55
1305006077,241,-78,55
1305007327,238,-74,57
1305008577,245,-75,55
1305009827,243,-76,59
1305011077,243,-72,57
1305013643,245,-76,53
1305014893,246,-76,58
1305016143,249,-72,57
1305017393,247,-76,59
1305018643,247,-74,56
1305019893,249,-72,54
1305021143,247,-75,54
1305022393,248,-76,53
1305023643,246,-75,53
1305024893,248,-70,50
1305026143,246,-73,57
1305027393,250,-74,55
1305028643,244,-70,50
1305029893,247,-75,57
1305031143,245,-70,55
1305032393,242,-72,52
1305033643,249,-77,54
1305034893,248,-72,55
1305036143,247,-75,54
1305037393,246,-73,52
1305038643,246,-76,54
1305039893,244,-71,51
1305041143,250,-72,54
1305042393,243,-74,52
1305043643,247,-73,54
1305046077,248,-72,52
1305047327,249,-68,56
1305048577,244,-68,55
1305049827,247,-70,47
1305051077,248,-73,55
1305052327,246,-72,57
1305053577,243,-75,53
1305054827,240,-77,54
1305056077,241,-75,59
1305057327,242,-78,59
1305058577,239,-78,56
1305059827,241,-81,57
1305061077,240,-77,57
1305062327,240,-77,58
1305063577,241,-72,52
1305064827,238,-76,53
1305066077,241,-75,55
1305067327,242,-73,48
1305068577,240,-74,52
1305069827,239,-75,49
1305071077,237,-74,53
1305072327,239,-73,51
1305073577,238,-77,53
1305074827,241,-72,55
1305076077,243,-76,55
1305078643,245,-73,51
1305079893,242,-68,50
1305081143,247,-71,54
1305082393,244,-74,54
1305083643,240,-73,47
1305084893,242,-71,53
1305086143,241,-75,52
1305087393,240,-76,54
1305088643,239,-76,52
1305089893,241,-76,55
1305091143,237,-74,53
1305092393,241,-77,48
1305093643,238,-70,51
1305094893,241,-73,59
1305096143,242,-72,56
1305097393,240,-73,55
1305098643,240,-70,53
1305099893,241,-76,48
1305101143,241,-73,52
1305102393,241,-71,56
1305103643,240,-72,51
1305104893,238,-72,49
1305106143,240,-72,53
1305107393,238,-68,53
1305108643,240,-74,56
1305111077,242,-74,54
1305112327,237,-70,51
1305113577,237,-71,59
1305114827,241,-71,53
1305116077,236,-71,54
1305117327,238,-69,56
1305118577,238,-72,55
1305119827,237,-74,56
1305121077,240,-74,57
1305122327,241,-69,57
1305123577,241,-71,59
1305124827,240,-71,50
1305126077,239,-73,51
1305127327,236,-71,54
1305128577,240,-75,52
1305129827,239,-71,56
1305131077,240,-73,49
1305132327,240,-71,52
1305133577,237,-71,52
1305134827,241,-74,52
1305136077,240,-69,56
1305137327,238,-75,57
1305138577,240,-72,53
1305139827,239,-68,52
1305141077,239,-74,53
1305143643,241,-77,53
1305144893,241,-69,56
1305146143,246,-72,59
1305147393,243,-71,60
1305148643,242,-73,63
1305149893,245,-70,60
1305151143,243,-74,52
1305152393,241,-70,52
1305153643,239,-68,58
1305154893,240,-68,56
1305156143,240,-66,51
1305157393,243,-67,55
1305158643,244,-70,52
1305159893,240,-65,52
1305161143,240,-68,47
1305162393,242,-70,54
1305163643,238,-66,54
1305164893,240,-68,55
1305166143,243,-70,54
1305167393,241,-72,53
1305168643,243,-71,56
1305169893,241,-70,59
1305171143,242,-71,53
1305172393,247,-68,61
1305173643,244,-73,55
1305176077,247,-71,55
1305177327,249,-69,58
1305178577,249,-68,52
1305179827,250,-70,55
1305181077,246,-68,57
1305182327,248,-67,58
1305183577,247,-71,54
1305184827,246,-72,56
1305186077,244,-69,61
1305187327,245,-70,58
1305188577,249,-71,59
1305189827,248,-71,63
1305191077,248,-70,61
1305192327,248,-68,58
1305193577,252,-72,56
1305194827,247,-67,54
1305196077,248,-69,57
1305197327,252,-67,57
1305198577,249,-67,56
1305199827,251,-69,58
1305201077,247,-68,62
1305202327,245,-66,56
1305203577,248,-70,60
1305204827,252,-67,64
1305206077,249,-68,58
1305208643,251,-72,58
1305209893,250,-68,62
1305211143,251,-65,57
1305212393,253,-64,59
1305213643,254,-70,57
1305214893,255,-68,57
1305216143,252,-70,57
1305217393,251,-66,54
1305218643,249,-70,59
1305219893,251,-68,55
1305221143,248,-69,58
1305222393,247,-64,52
1305223643,249,-65,55
1305224893,245,-64,51
1305226143,247,-68,58
1305227393,247,-65,58
1305228643,243,-70,54
1305229893,244,-71,62
1305231143,241,-65,57
1305232393,241,-67,58
1305233643,245,-68,60
1305234893,245,-67,54
1305236143,245,-69,56
1305237393,245,-67,56
1305238643,243,-67,56
1305241077,243,-68,55
1305242327,247,-66,58
1305243577,246,-63,55
1305244827,246,-65,58
1305246077,248,-64,56
1305247327,248,-63,55
1305248577,247,-68,54
1305249827,247,-68,54
1305251077,248,-68,55
1305252327,244,-68,56
1305253577,244,-67,53
1305254827,248,-68,53
1305256077,243,-67,50
1305257327,249,-67,57
1305258577,241,-65,48
1305259827,246,-70,53
1305261077,248,-70,56
1305262327,247,-74,58
1305263577,246,-68,54
1305264827,245,-67,58
1305266077,248,-69,56
1305267327,249,-75,57
1305268577,248,-75,57
1305269827,249,-70,53
1305271077,246,-69,58
1305273643,247,-66,56
1305274893,250,-67,54
1305276143,250,-66,54
1305277393,247,-72,58
1305278643,248,-71,60
1305279893,248,-66,61
1305281143,246,-75,57
1305282393,242,-70,54
1305283643,242,-68,53
1305284893,248,-74,56
1305286143,246,-74,54
1305287393,240,-69,53
1305288643,245,-69,59
1305289893,244,-71,57
1305291143,248,-74,58
1305292393,244,-70,54
1305293643,239,-72,51
1305294893,239,-69,53
1305296143,243,-70,50
1305297393,246,-75,56
1305298643,241,-72,60
1305299893,245,-69,59
1305301143,243,-72,55
1305302393,244,-66,55
1305303643,245,-72,52
1305306240,242,-70,57
1305307490,243,-70,56
1305308740,242,-68,62
1305309990,244,-72,59
1305311240,244,-70,54
1305312490,247,-72,56
1305313740,242,-70,54
1305314990,240,-69,55
1305316240,242,-66,53
1305317490,246,-69,56
1305318740,245,-70,54
1305319990,245,-67,50
1305321240,242,-69,58
1305322490,245,-66,51
1305323740,242,-66,53
1305324990,244,-67,55
1305326240,244,-71,52
1305327490,246,-68,52
1305328740,243,-70,61
1305329990,242,-72,55
1305331240,247,-69,57
1305332490,242,-67,54
1305333740,244,-66,57
1305334990,244,-66,55
1305336240,243,-69,54
1305338613,244,-70,54
1305339863,245,-64,56
1305341113,247,-64,49
1305342363,247,-68,53
1305343613,247,-66,59
1305344863,244,-64,55
1305346113,249,-66,56
1305347363,248,-65,55
1305348613,252,-69,52
1305349863,249,-67,57
1305351113,249,-66,59
1305352363,248,-70,50
1305353613,245,-67,57
1305354863,250,-65,53
1305356113,246,-65,54
1305357363,246,-68,55
1305358613,248,-73,55
1305359863,245,-68,56
1305361113,248,-70,56
1305362363,247,-71,55
1305363613,243,-67,52
1305364863,248,-71,58
1305366113,243,-69,51
1305367363,244,-67,53
1305368613,245,-73,54
1305371107,244,-70,55
1305372357,244,-67,52
1305373607,246,-64,58
1305374857,241,-67,56
1305376107,248,-69,54
1305377357,245,-65,57
1305378607,243,-69,55
1305379857,247,-69,56
1305381107,248,-67,53
1305382357,249,-74,53
1305383607,241,-70,56
1305384857,245,-70,54
1305386107,247,-69,55
1305387357,249,-66,53
1305388607,242,-70,56
1305389857,243,-68,56
1305391107,244,-67,53
1305392357,253,-68,53
1305393607,242,-67,52
1305394857,247,-68,54
1305396107,245,-70,54
1305397357,240,-68,51
1305398607,242,-69,55
1305399857,243,-71,57
1305401107,244,-69,57
1305403643,242,-69,55
1305404893,248,-68,59
1305406143,245,-67,56
1305407393,245,-66,58
1305408643,246,-71,59
1305409893,246,-67,59
1305411143,245,-69,54
1305412393,247,-67,56
1305413643,244,-65,55
1305414893,246,-71,59
1305416143,247,-67,57
1305417393,247,-67,56
1305418643,249,-66,53
1305419893,243,-65,52
1305421143,247,-69,52
1305422393,247,-69,59
1305423643,245,-65,53
1305424893,244,-71,56
1305426143,243,-68,56
1305427393,246,-70,59
1305428643,244,-72,58
1305429893,247,-67,60
1305431143,243,-65,58
1305432393,245,-65,61
1305433643,247,-67,62
1305436077,248,-70,55
1305437327,252,-64,57
1305438577,247,-63,66
1305439827,248,-66,57
1305441077,249,-67,55
1305442327,248,-59,59
1305443577,251,-66,50
1305444827,251,-67,58
1305446077,249,-67,55
1305447327,247,-63,56
1305448577,246,-65,56
1305449827,249,-65,56
1305451077,242,-65,55
1305452327,244,-70,55
1305453577,245,-65,52
1305454827,239,-67,56
1305456077,246,-69,60
1305457327,248,-65,53
1305458577,245,-64,58
1305459827,245,-65,54
1305461077,245,-64,56
1305462327,249,-65,58
1305463577,245,-64,52
1305464827,249,-66,50
1305466077,253,-69,55
1305468643,247,-69,57
1305469893,249,-64,52
1305471143,251,-61,58
1305472393,252,-61,56
1305473643,251,-67,54
1305474893,252,-63,59
1305476143,249,-66,55
1305477393,248,-66,54
1305478643,247,-66,54
1305479893,250,-66,54
1305481143,249,-66,57
1305482393,247,-68,54
1305483643,247,-64,53
1305484893,249,-66,56
1305486143,251,-66,60
1305487393,251,-64,58
1305488643,254,-66,55
1305489893,253,-68,56
1305491143,252,-65,55
1305492393,248,-63,58
1305493643,253,-66,57
1305494893,251,-63,60
1305496143,255,-66,54
1305497393,250,-65,51
1305498643,252,-70,52
1305501077,253,-67,53
1305502327,253,-60,56
1305503577,254,-65,60
1305504827,253,-63,59
1305506077,251,-62,56
1305507327,250,-63,58
1305508577,251,-64,59
1305509827,250,-66,57
1305511077,248,-68,55
1305512327,249,-67,60
1305513577,249,-65,54
1305514827,250,-67,58
1305516077,249,-67,59
1305517327,252,-67,61
1305518577,252,-65,55
1305519827,252,-64,61
1305521077,256,-64,60
1305522327,248,-64,59
1305523577,249,-64,57
1305524827,254,-65,58
1305526077,249,-64,52
1305527327,250,-64,58
1305528577,253,-65,57
1305529827,250,-67,61
1305531077,252,-62,58
1305533679,250,-64,58
1305534929,251,-64,58
1305536179,254,-64,59
1305537429,252,-62,57
1305538679,255,-62,52
1305539929,254,-64,59
1305541179,251,-66,58
1305542429,249,-66,58
1305543679,252,-66,53
1305544929,247,-64,56
1305546179,249,-67,48
1305547429,249,-66,56
1305548679,252,-64,55
1305549929,250,-69,55
1305551179,251,-66,56
1305552429,250,-64,52
1305553679,250,-69,53
1305554929,248,-67,58
1305556179,249,-68,55
1305557429,250,-66,55
1305558679,246,-67,61
1305559929,250,-66,57
1305561179,253,-67,56
1305562429,251,-67,56
1305563679,245,-65,53
1305566144,248,-70,57
1305567394,249,-62,56
1305568644,250,-67,62
1305569894,248,-68,54
1305571144,254,-69,58
1305572394,249,-70,60
1305573644,246,-70,54
1305574894,246,-70,60
1305576144,246,-65,54
1305577394,242,-69,56
1305578644,246,-70,54
1305579894,247,-71,51
1305581144,244,-68,51
1305582394,245,-69,54
1305583644,246,-64,54
1305584894,245,-66,55
1305586144,245,-67,58
1305587394,247,-66,59
1305588644,245,-64,55
1305589894,241,-68,54
1305591144,244,-67,57
1305592394,250,-68,53
1305593644,251,-68,50
1305594894,244,-67,50
1305596144,246,-64,56
1305598710,245,-67,57
1305599960,244,-62,59
1305601210,246,-68,57
1305602460,246,-65,59
1305603710,243,-63,55
1305604960,247,-60,60
1305606210,247,-68,53
1305607460,245,-63,55
1305608710,243,-66,53
1305609960,245,-66,54
1305611210,243,-66,50
1305612460,245,-65,57
1305613710,248,-64,58
1305614960,247,-67,56
1305616210,250,-66,55
1305617460,244,-66,49
1305618710,247,-66,53
1305619960,247,-66,51
1305621210,248,-66,53
1305622460,245,-70,54
1305623710,244,-65,55
1305624960,243,-65,56
1305626210,249,-70,57
1305627460,245,-65,50
1305628710,241,-65,52
1305631206,246,-68,57
1305632456,246,-66,60
1305633706,245,-66,58
1305634956,245,-66,58
1305636206,248,-64,59
1305637456,245,-65,59
1305638706,244,-68,56
1305639956,244,-69,57
1305641206,248,-68,56
1305642456,245,-70,61
1305643706,245,-69,54
1305644956,246,-68,55
1305646206,247,-65,54
1305647456,243,-64,51
1305648706,246,-63,54
1305649956,247,-66,50
1305651206,242,-64,51
1305652456,246,-67,54
1305653706,245,-63,57
1305654956,244,-61,56
1305656206,242,-66,50
1305657456,247,-64,53
1305658706,244,-66,57
1305659956,243,-66,51
1305661206,245,-68,52
1305663613,247,-65,54
1305664863,248,-66,62
1305666113,243,-65,61
1305667363,242,-63,58
1305668613,243,-65,58
1305669863,242,-62,58
1305671113,244,-66,54
1305672363,246,-65,58
1305673613,244,-64,56
1305674863,245,-68,54
1305676113,248,-68,53
1305677363,247,-64,52
1305678613,251,-66,57
1305679863,250,-63,51
1305681113,249,-63,58
1305682363,253,-64,54
1305683613,247,-64,50
1305684863,246,-66,52
1305686113,246,-63,50
1305687363,249,-64,56
1305688613,249,-64,55
1305689863,250,-61,51
1305691113,251,-61,53
1305692363,249,-62,54
1305693613,252,-64,58
1305696107,248,-63,58
1305697357,249,-66,54
1305698607,252,-67,56
1305699857,249,-66,53
1305701107,251,-65,58
1305702357,252,-65,59
1305703607,249,-64,55
1305704857,249,-66,56
1305706107,249,-64,55
1305707357,249,-65,57
1305708607,250,-64,54
1305709857,252,-64,54
1305711107,251,-65,52
1305712357,251,-63,50
1305713607,255,-63,58
1305714857,250,-60,56
1305716107,251,-66,56
1305717357,251,-59,51
1305718607,254,-63,57
1305719857,252,-65,52
1305721107,250,-63,53
1305722357,252,-61,55
1305723607,250,-67,49
1305724857,248,-62,56
1305726107,249,-64,55
1305728643,247,-65,54
1305729893,248,-64,55
1305731143,248,-59,58
1305732393,250,-62,54
1305733643,250,-61,60
1305734893,251,-59,56
1305736143,250,-66,48
1305737393,249,-64,53
1305738643,248,-67,54
1305739893,245,-62,51
1305741143,245,-64,47
1305742393,248,-67,49
1305743643,249,-65,59
1305744893,249,-66,55
1305746143,248,-66,56
1305747393,246,-63,56
1305748643,249,-67,53
1305749893,248,-63,54
1305751143,245,-63,52
1305752393,243,-65,52
1305753643,246,-66,52
1305754893,245,-64,51
1305756143,248,-62,55
1305757393,243,-60,50
1305758643,247,-62,51
1305761077,246,-63,53
1305762327,250,-63,55
1305763577,251,-61,56
1305764827,249,-64,57
1305766077,251,-58,53
1305767327,246,-56,56
1305768577,250,-62,56
1305769827,249,-63,55
1305771077,247,-63,52
1305772327,248,-64,53
1305773577,250,-66,53
1305774827,247,-64,54
1305776077,251,-64,56
1305777327,248,-62,56
1305778577,253,-63,60
1305779827,251,-64,57
1305781077,250,-63,57
1305782327,250,-63,54
1305783577,250,-64,54
1305784827,250,-63,51
1305786077,249,-65,52
1305787327,249,-62,52
1305788577,251,-63,53
1305789827,251,-63,55
1305791077,249,-61,56
1305793643,251,-62,54
1305794893,253,-63,56
1305796143,253,-58,55
1305797393,248,-59,55
1305798643,252,-60,52
1305799893,250,-60,54
1305801143,249,-63,56
1305802393,248,-64,54
1305803643,245,-64,59
1305804893,250,-65,54
1305806143,248,-64,57
1305807393,245,-64,57
1305808643,249,-61,60
1305809893,243,-65,56
1305811143,250,-62,56
1305812393,246,-63,56
1305813643,247,-65,51
1305814893,246,-64,53
1305816143,245,-63,51
1305817393,247,-61,53
1305818643,247,-65,51
1305819893,248,-61,49
1305821143,251,-63,58
1305822393,245,-61,56
1305823643,245,-63,55
1305826077,247,-64,55
1305827327,251,-62,53
1305828577,245,-62,56
1305829827,246,-64,55
1305831077,249,-61,55
1305832327,247,-61,52
1305833577,245,-63,55
1305834827,246,-64,54
1305836077,243,-63,54
1305837327,247,-59,58
1305838577,248,-60,52
1305839827,249,-58,55
1305841077,249,-61,57
1305842327,252,-62,56
1305843577,249,-62,57
1305844827,253,-62,55
1305846077,250,-60,51
1305847327,251,-64,56
1305848577,253,-64,57
1305849827,253,-62,57
1305851077,252,-63,61
1305852327,249,-63,53
1305853577,252,-63,55
1305854827,252,-67,55
1305856077,251,-64,54
1305858643,249,-62,52
1305859893,252,-62,56
1305861143,251,-62,59
1305862393,255,-57,54
1305863643,252,-62,55
1305864893,253,-60,61
1305866143,250,-64,55
1305867393,251,-64,55
1305868643,248,-61,51
1305869893,252,-63,53
1305871143,247,-63,56
1305872393,252,-66,52
1305873643,252,-63,61
1305874893,251,-62,56
1305876143,254,-65,58
1305877393,250,-65,56
1305878643,248,-61,54
1305879893,250,-64,55
1305881143,251,-65,56
1305882393,250,-63,58
1305883643,246,-65,54
1305884893,249,-64,59
1305886143,247,-65,54
1305887393,246,-64,57
1305888643,244,-65,55
1305891077,242,-65,58
1305892327,251,-63,56
1305893577,249,-62,55
1305894827,248,-62,55
1305896077,245,-63,60
1305897327,243,-61,63
1305898577,246,-63,54
1305899827,247,-64,59
1305901077,251,-65,59
1305902327,246,-65,56
1305903577,250,-63,55
1305904827,251,-63,62
1305906077,251,-64,55
1305907327,249,-62,56
1305908577,251,-61,60
1305909827,252,-62,53
1305911077,248,-62,56
1305912327,252,-63,57
1305913577,250,-62,54
1305914827,251,-63,59
1305916077,248,-63,56
1305917327,251,-62,55
1305918577,249,-62,57
1305919827,250,-64,53
1305921077,248,-64,55
1305923643,249,-65,61
1305924893,249,-64,62
1305926143,252,-61,62
1305927393,250,-62,59
1305928643,249,-64,53
1305929893,253,-60,59
1305931143,250,-64,58
1305932393,247,-63,59
1305933643,252,-66,59
1305934893,250,-63,58
1305936143,249,-64,57
1305937393,254,-63,56
1305938643,253,-61,53
1305939893,253,-66,58
1305941143,248,-64,53
1305942393,252,-61,55
1305943643,249,-61,55
1305944893,251,-64,56
1305946143,252,-64,56
1305947393,250,-63,55
1305948643,246,-62,56
1305949893,250,-62,56
1305951143,252,-61,58
1305952393,249,-62,56
1305953643,252,-64,56
1305956078,249,-63,58
1305957328,250,-62,59
1305958578,252,-65,59
1305959828,253,-63,54
1305961078,249,-62,58
1305962328,246,-61,60
1305963578,248,-64,54
1305964828,248,-65,56
1305966078,249,-66,53
1305967328,248,-63,55
1305968578,248,-63,57
1305969828,247,-62,55
1305971078,246,-63,58
1305972328,245,-63,56
1305973578,247,-64,55
1305974828,250,-66,58
1305976078,247,-65,60
1305977328,248,-64,54
1305978578,247,-67,59
1305979828,244,-62,57
1305981078,247,-63,58
1305982328,244,-63,62
1305983578,247,-65,54
1305984828,247,-64,60
1305986078,246,-66,57
1305988643,246,-62,58
1305989893,247,-60,52
1305991143,248,-59,60
1305992393,248,-57,55
1305993643,249,-61,58
1305994893,250,-60,58
1305996143,244,-62,53
1305997393,246,-63,53
1305998643,249,-61,56
1305999893,243,-57,53
1306001143,245,-61,55
1306002393,250,-63,52
1306003643,246,-61,55
1306004893,245,-62,51
1306006143,246,-63,54
1306007393,245,-62,55
1306008643,247,-63,59
1306009893,243,-63,58
1306011143,245,-64,61
1306012393,245,-62,57
1306013643,246,-63,54
1306014893,246,-63,55
1306016143,244,-61,50
1306017393,249,-63,55
1306018643,246,-62,59
1306021078,247,-61,58
1306022328,249,-57,59
1306023578,247,-58,55
1306024828,248,-63,60
1306026078,250,-62,59
1306027328,249,-59,62
1306028578,248,-62,53
1306029828,249,-63,54
1306031078,248,-63,56
1306032328,249,-64,56
1306033578,250,-64,58
1306034828,248,-64,51
1306036078,251,-63,53
1306037328,251,-65,56
1306038578,248,-61,53
1306039828,249,-63,55
1306041078,249,-63,55
1306042328,246,-63,60
1306043578,253,-63,54
1306044828,246,-61,53
1306046078,248,-63,56
1306047328,249,-60,58
1306048578,247,-63,56
1306049828,251,-63,55
1306051078,250,-62,57
1306053643,250,-61,57
1306054893,251,-59,55
1306056143,250,-58,58
1306057393,245,-62,54
1306058643,247,-59,58
1306059893,250,-61,58
1306061143,246,-62,53
1306062393,247,-64,56
1306063643,249,-63,54
1306064893,246,-61,54
1306066143,250,-63,53
1306067393,249,-66,50
1306068643,245,-59,55
1306069893,247,-63,55
1306071143,246,-60,56
1306072393,246,-62,56
1306073643,250,-61,56
1306074893,248,-63,57
1306076143,249,-59,55
1306077393,249,-59,52
1306078643,251,-65,57
1306079893,249,-62,56
1306081143,248,-58,55
1306082393,246,-62,54
1306083643,248,-62,52
1306086077,248,-61,53
1306087327,246,-51,57
1306088577,249,-58,59
1306089827,246,-59,51
1306091077,248,-57,55
1306092327,249,-60,51
1306093577,247,-61,58
1306094827,246,-64,53
1306096077,246,-60,54
1306097327,251,-61,56
1306098577,250,-60,54
1306099827,247,-60,51
1306101077,249,-61,55
1306102327,247,-59,53
1306103577,253,-60,57
1306104827,250,-63,52
1306106077,247,-58,53
1306107327,246,-61,56
1306108577,248,-63,58
1306109827,253,-62,56
1306111077,251,-60,52
1306112327,246,-63,54
1306113577,251,-60,57
1306114827,253,-63,55
1306116077,248,-60,53
1306118643,247,-57,54
1306119893,252,-59,56
1306121143,251,-61,59
1306122393,249,-60,55
1306123643,252,-60,60
1306124893,254,-61,63
1306126143,248,-61,55
1306127393,249,-61,56
1306128643,250,-59,54
1306129893,248,-62,52
1306131143,251,-63,54
1306132393,251,-60,55
1306133643,248,-60,57
1306134893,254,-55,51
1306136143,247,-59,51
1306137393,251,-62,53
1306138643,246,-59,54
1306139893,244,-62,52
1306141143,249,-63,54
1306142393,246,-61,55
1306143643,248,-64,51
1306144893,245,-62,53
1306146143,248,-63,59
1306147393,245,-62,53
1306148643,246,-63,51
1306151077,247,-60,53
1306152327,254,-64,57
1306153577,248,-61,58
1306154827,251,-61,60
1306156077,250,-55,59
1306157327,248,-61,57
1306158577,249,-58,58
1306159827,249,-62,58
1306161077,251,-61,57
1306162327,247,-59,59
1306163577,249,-60,53
1306164827,253,-61,59
1306166077,248,-57,56
1306167327,251,-61,53
1306168577,250,-60,54
1306169827,253,-60,55
1306171077,253,-63,54
1306172327,254,-59,59
1306173577,255,-54,54
1306174827,253,-62,58
1306176077,251,-61,56
1306177327,254,-62,59
1306178577,253,-61,52
1306179827,253,-59,57
1306181077,254,-61,62
1306183643,252,-60,54
1306184893,256,-58,56
1306186143,256,-59,51
1306187393,254,-56,56
1306188643,254,-59,53
1306189893,257,-57,58
1306191143,252,-62,53
1306192393,251,-62,56
1306193643,252,-60,56
1306194893,249,-59,59
1306196143,253,-63,60
1306197393,249,-60,55
1306198643,249,-60,47
1306199893,247,-61,54
1306201143,246,-59,59
1306202393,251,-63,52
1306203643,249,-63,57
1306204893,248,-61,54
1306206143,248,-64,52
1306207393,249,-63,52
1306208643,246,-65,59
1306209893,248,-63,57
1306211143,250,-62,61
1306212393,247,-62,52
1306213643,250,-64,56
1306216077,244,-66,55
1306217327,249,-60,55
1306218577,245,-60,56
1306219827,253,-58,55
1306221077,250,-59,50
1306222327,250,-59,54
1306223577,248,-62,57
1306224827,246,-63,56
1306226077,249,-63,50
1306227327,252,-64,52
1306228577,247,-62,55
1306229827,248,-60,52
1306231077,246,-64,52
1306232327,244,-59,58
1306233577,250,-64,52
1306234827,248,-63,52
1306236077,243,-63,53
1306237327,249,-65,50
1306238577,243,-62,54
1306239827,249,-63,56
1306241077,247,-62,54
1306242327,249,-65,52
1306243577,243,-64,54
1306244827,247,-62,54
1306246077,245,-61,58
1306248643,247,-64,53
1306249893,251,-60,58
1306251143,248,-56,58
1306252393,247,-58,54
1306253643,251,-59,58
1306254893,247,-56,59
1306256143,247,-62,54
1306257393,249,-63,52
1306258643,247,-63,58
1306259893,247,-64,54
1306261143,250,-64,54
1306262393,252,-64,53
1306263643,249,-62,57
1306264893,247,-63,58
1306266143,250,-64,55
1306267393,250,-61,55
1306268643,248,-59,50
1306269893,247,-63,55
1306271143,247,-59,58
1306272393,249,-63,58
1306273643,249,-64,54
1306274893,249,-59,54
1306276143,250,-60,52
1306277393,247,-57,54
1306278643,253,-60,59
1306281077,250,-61,50
1306282327,253,-54,59
1306283577,247,-57,54
1306284827,254,-58,61
1306286077,253,-59,54
1306287327,252,-61,51
1306288577,252,-64,57
1306289827,249,-61,53
1306291077,250,-62,54
1306292327,252,-62,51
1306293577,249,-59,54
1306294827,249,-63,59
1306296077,246,-61,54
1306297327,251,-60,56
1306298577,247,-63,56
1306299827,251,-64,55
1306301077,247,-61,57
1306302327,250,-60,60
1306303577,250,-61,54
1306304827,247,-64,48
1306306077,246,-62,51
1306307327,248,-64,57
1306308577,243,-60,56
1306309827,250,-62,56
1306311077,251,-64,56
1306313643,247,-61,52
1306314893,250,-58,54
1306316143,254,-59,61
1306317393,250,-57,56
1306318643,254,-59,56
1306319893,253,-57,53
1306321143,252,-61,57
1306322393,249,-60,53
1306323643,245,-63,52
1306324893,248,-61,53
1306326143,245,-61,54
1306327393,247,-62,55
1306328643,246,-63,57
1306329893,250,-61,53
1306331143,248,-63,53
1306332393,247,-62,52
1306333643,247,-62,53
1306334893,248,-63,55
1306336143,248,-59,54
1306337393,247,-59,51
1306338643,246,-63,52
1306339893,251,-60,53
1306341143,247,-57,52
1306342393,250,-62,58
1306343643,247,-58,53
1306346077,252,-56,54
1306347327,253,-58,57
1306348577,250,-60,54
1306349827,247,-62,55
1306351077,250,-59,59
1306352327,252,-62,56
1306353577,247,-61,54
1306354827,248,-62,54
1306356077,252,-64,55
1306357327,250,-59,50
1306358577,248,-57,56
1306359827,251,-59,56
1306361077,247,-59,52
1306362327,252,-60,54
1306363577,252,-61,55
1306364827,249,-58,53
1306366077,255,-60,53
1306367327,250,-59,59
1306368577,252,-58,51
1306369827,249,-59,52
1306371077,252,-62,55
1306372327,249,-57,56
1306373577,248,-58,60
1306374827,256,-63,53
1306376077,256,-61,54
1306378643,253,-62,55
1306379893,255,-55,59
1306381143,250,-54,64
1306382393,254,-64,60
1306383643,250,-59,53
1306384893,252,-61,59
1306386143,250,-64,54
1306387393,249,-65,53
1306388643,249,-63,55
1306389893,244,-61,57
1306391143,246,-64,56
1306392393,249,-64,57
1306393643,245,-58,56
1306394893,244,-62,56
1306396143,249,-61,56
1306397393,247,-61,56
1306398643,249,-58,56
1306399893,245,-57,51
1306401143,246,-59,52
1306402393,246,-58,54
1306403643,249,-60,52
1306404893,248,-61,50
1306406143,248,-62,56
1306407393,247,-64,52
1306408643,245,-58,54
1306411077,249,-62,52
1306412327,245,-55,59
1306413577,245,-58,49
1306414827,251,-61,49
1306416077,249,-58,56
1306417327,245,-58,55
1306418577,245,-61,54
1306419827,243,-62,55
1306421077,245,-58,51
1306422327,249,-61,54
1306423577,251,-61,53
1306424827,247,-61,51
1306426077,248,-65,52
1306427327,245,-59,52
1306428577,247,-60,57
1306429827,251,-61,53
1306431077,249,-61,51
1306432327,248,-61,53
1306433577,250,-57,56
1306434827,248,-60,55
1306436077,250,-61,50
1306437327,250,-60,56
1306438577,247,-60,52
1306439827,248,-60,51
1306441077,250,-59,51
1306443643,251,-61,52
1306444893,252,-58,59
1306446143,254,-54,59
1306447393,250,-59,52
1306448643,252,-57,58
1306449893,254,-56,53
1306451143,249,-59,56
1306452393,249,-59,54
1306453643,250,-60,52
1306454893,252,-62,54
1306456143,252,-58,50
1306457393,252,-59,49
1306458643,255,-58,57
1306459893,253,-57,49
1306461143,256,-62,53
1306462393,252,-57,55
1306463643,250,-58,50
1306464893,254,-56,53
1306466143,254,-55,48
1306467393,253,-56,57
1306468643,253,-58,49
1306469893,251,-60,58
1306471143,250,-62,57
1306472393,250,-56,52
1306473643,251,-59,54
1306476077,249,-61,56
1306477327,255,-56,58
1306478577,248,-58,56
1306479827,251,-56,57
1306481077,254,-56,61
1306482327,256,-58,57
1306483577,254,-59,53
1306484827,251,-58,55
1306486077,251,-59,51
1306487327,249,-57,54
1306488577,247,-55,57
1306489827,251,-60,55
1306491077,255,-62,49
1306492327,251,-54,56
1306493577,254,-62,52
1306494827,251,-60,50
1306496077,248,-60,54
1306497327,251,-63,55
1306498577,247,-57,54
1306499827,249,-62,52
1306501077,251,-61,55
1306502327,247,-62,53
1306503577,247,-63,52
1306504827,247,-61,57
1306506077,244,-63,56
1306508643,247,-63,56
1306509893,250,-62,61
1306511143,253,-54,57
1306512393,250,-60,60
1306513643,253,-59,57
1306514893,249,-60,60
1306516143,250,-58,53
1306517393,249,-63,56
1306518643,248,-59,59
1306519893,248,-60,57
1306521143,250,-62,53
1306522393,245,-61,55
1306523643,248,-59,53
1306524893,246,-61,56
1306526143,244,-57,56
1306527393,249,-62,53
1306528643,250,-63,55
1306529893,248,-64,53
1306531143,244,-62,52
1306532393,244,-65,58
1306533643,250,-62,58
1306534893,248,-61,50
1306536143,246,-61,55
1306537393,245,-61,52
1306538643,246,-62,56
1306541077,245,-63,55
1306542327,248,-57,55
1306543577,249,-60,55
1306544827,250,-59,54
1306546077,254,-59,59
1306547327,252,-56,56
1306548577,252,-61,55
1306549827,249,-58,53
1306551077,248,-61,50
1306552327,250,-63,55
1306553577,247,-63,53
1306554827,245,-61,50
1306556077,250,-63,52
1306557327,244,-61,54
1306558577,253,-63,58
1306559827,247,-60,55
1306561077,246,-63,52
1306562327,245,-61,55
1306563577,247,-63,60
1306564827,250,-61,60
1306566077,248,-62,58
1306567327,248,-61,51
1306568577,247,-61,55
1306569827,244,-63,57
1306571077,245,-63,56
1306573643,247,-62,55
1306574893,251,-60,58
1306576143,252,-63,61
1306577393,251,-60,60
1306578643,248,-56,58
1306579893,253,-61,60
1306581143,248,-60,55
1306582393,251,-63,56
1306583643,251,-61,51
1306584893,251,-61,53
1306586143,249,-59,52
1306587393,254,-59,58
1306588643,255,-58,58
1306589893,250,-62,63
1306591143,252,-62,60
1306592393,249,-61,55
1306593643,248,-60,52
1306594893,247,-61,57
1306596143,250,-59,60
1306597393,251,-62,58
1306598643,252,-64,54
1306599893,248,-61,55
1306601143,250,-59,54
1306602393,252,-60,54
1306603643,249,-63,57
1306606077,253,-61,56
1306607327,250,-61,67
1306608577,251,-62,53
1306609827,253,-61,56
1306611077,252,-58,57
1306612327,254,-59,63
1306613577,252,-59,55
1306614827,251,-63,53
1306616077,250,-61,58
1306617327,249,-57,51
1306618577,248,-60,52
1306619827,249,-59,54
1306621077,244,-57,53
1306622327,248,-58,53
1306623577,250,-59,51
1306624827,247,-58,56
1306626077,250,-61,60
1306627327,247,-62,60
1306628577,252,-61,56
1306629827,248,-58,55
1306631077,250,-59,56
1306632327,250,-59,57
1306633577,252,-63,56
1306634827,248,-62,60
1306636077,248,-61,56
1306638643,252,-59,57
1306639893,250,-57,58
1306641143,249,-59,59
1306642393,253,-56,57
1306643643,247,-59,58
1306644893,250,-60,57
1306646143,248,-58,55
1306647393,249,-61,56
1306648643,247,-58,59
1306649893,250,-58,50
1306651143,250,-58,58
1306652393,248,-60,56
1306653643,249,-61,54
1306654893,249,-58,53
1306656143,248,-57,53
1306657393,246,-58,56
1306658643,249,-58,59
1306659893,248,-62,52
1306661143,249,-60,58
1306662393,247,-59,53
1306663643,249,-57,58
1306664893,247,-60,56
1306666143,247,-60,57
1306667393,248,-61,59
1306668643,244,-60,55
1306671077,251,-60,57
1306672327,254,-60,61
1306673577,251,-60,60
1306674827,252,-58,56
1306676077,251,-59,61
1306677327,254,-53,61
1306678577,252,-61,56
1306679827,249,-57,57
1306681077,251,-60,57
1306682327,246,-60,56
1306683577,244,-61,55
1306684827,245,-62,52
1306686077,248,-57,55
1306687327,248,-62,57
1306688577,250,-60,54
1306689827,249,-56,52
1306691077,249,-63,57
1306692327,249,-60,53
1306693577,249,-56,52
1306694827,253,-58,59
1306696077,247,-58,58
1306697327,249,-58,53
1306698577,250,-63,51
1306699827,250,-59,54
1306701077,252,-58,51
1306703643,251,-60,51
1306704893,253,-54,54
1306706143,249,-53,50
1306707393,250,-57,48
1306708643,251,-57,50
1306709893,249,-55,58
1306711143,246,-56,55
1306712393,242,-57,57
1306713643,244,-60,58
1306714893,249,-62,61
1306716143,252,-66,58
1306717393,249,-65,57
1306718643,251,-64,58
1306719893,249,-64,59
1306721143,252,-61,62
1306722393,249,-59,59
1306723643,252,-63,53
1306724893,249,-61,60
1306726143,248,-59,53
1306727393,249,-59,57
1306728643,252,-60,58
1306729893,245,-55,54
1306731143,249,-59,58
1306732393,254,-56,50
1306733643,252,-54,51
1306736077,249,-57,53
1306737327,250,-57,49
1306738577,249,-59,54
1306739827,252,-56,52
1306741077,251,-58,52
1306742327,246,-59,53
1306743577,252,-60,55
1306744827,249,-60,55
1306746077,249,-63,52
1306747327,251,-64,56
1306748577,252,-64,59
1306749827,248,-60,52
1306751077,245,-64,58
1306752327,253,-61,52
1306753577,250,-62,57
1306754827,250,-62,56
1306756077,249,-57,51
1306757327,249,-61,57
1306758577,247,-58,55
1306759827,250,-56,51
1306761077,248,-58,52
1306762327,246,-59,54
1306763577,249,-61,53
1306764827,245,-60,51
1306766077,252,-62,52
1306768486,250,-56,52
1306769736,252,-57,55
1306770986,248,-59,57
1306772236,252,-56,50
1306773486,253,-58,59
1306774736,254,-55,60
1306775986,250,-60,54
1306777236,249,-61,54
1306778486,247,-59,53
1306779736,249,-60,58
1306780986,249,-59,52
1306782236,248,-55,52
1306783486,249,-58,54
1306784736,252,-59,50
1306785986,250,-62,55
1306787236,250,-58,55
1306788486,248,-60,49
1306789736,251,-53,53
1306790986,248,-56,54
1306792236,247,-60,52
1306793486,253,-60,49
1306794736,247,-56,52
1306795986,249,-59,49
1306797236,248,-56,49
1306798486,249,-59,56
1306801020,250,-63,55
1306802270,249,-61,50
1306803520,252,-60,54
1306804770,248,-54,57
1306806020,250,-60,52
1306807270,252,-61,60
1306808520,247,-60,54
1306809770,248,-60,55
1306811020,250,-60,53
1306812270,248,-60,55
1306813520,246,-62,50
1306814770,249,-56,54
1306816020,247,-57,53
1306817270,249,-59,52
1306818520,252,-58,57
1306819770,252,-56,47
1306821020,248,-60,54
1306822270,246,-55,47
1306823520,251,-63,50
1306824770,247,-58,54
1306826020,252,-54,49
1306827270,250,-57,49
1306828520,247,-56,52
1306829770,247,-59,53
1306831020,249,-58,50
1306833613,250,-59,56
1306834863,251,-57,54
1306836113,249,-56,58
1306837363,252,-57,52
1306838613,252,-59,57
1306839863,253,-55,54
1306841113,251,-59,53
1306842363,251,-58,52
1306843613,248,-58,55
1306844863,249,-58,47
1306846113,247,-57,50
1306847363,251,-58,49
1306848613,252,-57,52
1306849863,250,-57,50
1306851113,255,-60,58
1306852363,252,-62,49
1306853613,248,-60,52
1306854863,248,-58,52
1306856113,251,-58,51
1306857363,250,-60,61
1306858613,250,-59,53
1306859863,250,-57,57
1306861113,249,-61,58
1306862363,252,-59,52
1306863613,252,-60,47
1306866077,251,-60,56
1306867327,254,-59,56
1306868577,252,-57,53
1306869827,255,-56,50
1306871077,251,-55,55
1306872327,253,-58,57
1306873577,252,-59,58
1306874827,249,-59,50
1306876077,253,-56,52
1306877327,250,-60,54
1306878577,249,-59,51
1306879827,250,-61,48
1306881077,249,-59,54
1306882327,250,-60,55
1306883577,245,-55,58
1306884827,250,-57,54
1306886077,250,-60,59
1306887327,254,-58,58
1306888577,254,-60,57
1306889827,251,-62,53
1306891077,254,-60,54
1306892327,255,-58,55
1306893577,251,-60,51
1306894827,250,-60,53
1306896077,254,-58,52
1306898486,252,-60,54
1306899736,253,-55,54
1306900986,253,-56,56
1306902236,254,-59,52
1306903486,253,-55,56
1306904736,249,-51,53
1306905986,251,-57,53
1306907236,251,-60,51
1306908486,249,-61,50
1306909736,250,-60,53
1306910986,243,-60,53
1306912236,246,-60,56
1306913486,246,-60,56
1306914736,248,-62,55
1306915986,248,-59,57
1306917236,249,-64,53
1306918486,247,-61,49
1306919736,250,-60,54
1306920986,249,-63,54
1306922236,248,-60,53
1306923486,250,-59,53
1306924736,245,-59,52
1306925986,248,-57,53
1306927236,249,-56,52
1306928486,250,-60,53
1306931020,251,-60,54
1306932270,252,-59,53
1306933520,255,-60,53
1306934770,246,-58,57
1306936020,249,-59,54
1306937270,248,-58,54
1306938520,249,-58,51
1306939770,248,-58,53
1306941020,249,-59,54
1306942270,251,-61,54
1306943520,251,-59,57
1306944770,249,-60,52
1306946020,249,-59,51
1306947270,248,-59,51
1306948520,249,-58,45
1306949770,252,-58,56
1306951020,249,-55,52
1306952270,250,-60,56
1306953520,247,-61,54
1306954770,251,-62,53
1306956020,247,-61,53
1306957270,248,-55,49
1306958520,246,-59,54
1306959770,250,-58,50
1306961020,254,-59,48
1306963613,245,-57,53
1306964863,253,-59,52
1306966113,252,-54,57
1306967363,249,-56,60
1306968613,249,-54,56
1306969863,247,-51,52
1306971113,251,-58,55
1306972363,249,-57,53
1306973613,251,-56,54
1306974863,250,-60,49
1306976113,251,-56,61
1306977363,247,-55,54
1306978613,251,-60,54
1306979863,252,-62,57
1306981113,248,-59,53
1306982363,250,-58,53
1306983613,250,-56,56
1306984863,250,-58,53
1306986113,251,-59,50
1306987363,251,-56,52
1306988613,251,-57,54
1306989863,251,-60,54
1306991113,248,-57,57
1306992363,250,-60,50
1306993613,249,-60,52
1306996107,251,-60,55
1306997357,252,-56,54
1306998607,249,-55,54
1306999857,253,-54,53
1307001107,253,-56,54
1307002357,253,-54,55
1307003607,250,-57,50
1307004857,250,-57,53
1307006107,249,-53,52
1307007357,253,-62,54
1307008607,247,-57,50
1307009857,250,-60,56
1307011107,249,-57,50
1307012357,247,-57,53
1307013607,249,-59,57
1307014857,250,-61,51
1307016107,249,-59,54
1307017357,245,-59,53
1307018607,252,-60,52
1307019857,250,-60,60
1307021107,250,-62,52
1307022357,252,-57,53
1307023607,249,-57,60
1307024857,250,-60,50
1307026107,252,-59,55
1307028486,251,-60,53
1307029736,252,-58,57
1307030986,251,-57,58
1307032236,254,-57,59
1307033486,251,-53,55
1307034736,252,-55,55
1307035986,254,-58,53
1307037236,253,-60,53
1307038486,251,-58,55
1307039736,253,-63,52
1307040986,252,-64,56
1307042236,247,-61,56
1307043486,247,-61,55
1307044736,251,-63,57
1307045986,249,-61,55
1307047236,253,-64,56
1307048486,249,-59,52
1307049736,251,-59,51
1307050986,252,-63,54
1307052236,251,-59,59
1307053486,251,-60,53
1307054736,249,-61,57
1307055986,250,-64,52
1307057236,255,-60,54
1307058486,251,-63,52
1307061020,252,-61,57
1307062270,253,-59,57
1307063520,254,-56,53
1307064770,255,-59,57
1307066020,252,-59,59
1307067270,252,-57,57
1307068520,250,-58,57
1307069770,249,-62,58
1307071020,250,-60,59
1307072270,250,-62,52
1307073520,247,-58,57
1307074770,249,-64,54
1307076020,247,-61,55
1307077270,248,-61,58
1307078520,252,-61,58
1307079770,249,-55,56
1307081020,252,-64,57
1307082270,253,-62,58
1307083520,250,-63,55
1307084770,246,-63,51
1307086020,251,-59,55
1307087270,248,-62,52
1307088520,247,-59,57
1307089770,249,-61,54
1307091020,250,-61,56
1307093613,247,-59,57
1307094863,254,-58,55
1307096113,252,-58,55
1307097363,251,-59,53
1307098613,253,-60,59
1307099863,254,-55,60
1307101113,250,-59,54
1307102363,252,-62,56
1307103613,251,-61,55
1307104863,249,-60,49
1307106113,248,-63,56
1307107363,251,-61,53
1307108613,251,-62,58
1307109863,249,-59,55
1307111113,251,-59,60
1307112363,251,-62,62
1307113613,249,-59,54
1307114863,252,-59,54
1307116113,253,-59,52
1307117363,252,-60,55
1307118613,254,-58,53
1307119863,247,-62,55
1307121113,252,-61,54
1307122363,251,-55,54
1307123613,250,-61,54
1307126107,250,-60,55
1307127357,251,-59,56
1307128607,253,-61,57
1307129857,252,-56,57
1307131107,251,-54,54
1307132357,254,-58,59
1307133607,251,-58,55
1307134857,253,-61,55
1307136107,253,-56,53
1307137357,250,-55,53
1307138607,249,-58,49
1307139857,249,-61,49
1307141107,252,-60,60
1307142357,251,-61,54
1307143607,251,-58,58
1307144857,250,-57,55
1307146107,254,-62,55
1307147357,248,-59,58
1307148607,251,-59,51
1307149857,248,-58,47
1307151107,252,-58,53
1307152357,248,-58,59
1307153607,249,-58,52
1307154857,248,-60,57
1307156107,248,-56,56
1307158486,250,-56,57
1307159736,249,-52,54
1307160986,252,-55,56
1307162236,251,-55,54
1307163486,255,-52,55
1307164736,259,-56,57
1307165986,252,-57,48
1307167236,249,-57,52
1307168486,253,-57,47
1307169736,248,-57,55
1307170986,248,-59,53
1307172236,252,-54,46
1307173486,248,-56,56
1307174736,252,-63,56
1307175986,253,-57,57
1307177236,247,-58,59
1307178486,247,-60,56
1307179736,246,-61,52
1307180986,245,-61,54
1307182236,244,-59,55
1307183486,248,-60,57
1307184736,246,-59,58
1307185986,248,-60,53
1307187236,243,-60,53
1307188486,251,-60,53
1307191020,249,-59,52
1307192270,249,-52,48
1307193520,256,-57,52
1307194770,255,-57,55
1307196020,252,-61,55
1307197270,250,-56,51
1307198520,249,-56,48
1307199770,251,-60,51
1307201020,248,-59,52
1307202270,255,-58,53
1307203520,253,-61,49
1307204770,253,-58,53
1307206020,250,-57,50
1307207270,250,-55,53
1307208520,252,-54,54
1307209770,246,-62,55
1307211020,249,-59,50
1307212270,246,-60,55
1307213520,247,-57,58
1307214770,251,-58,56
1307216020,251,-58,57
1307217270,251,-59,54
1307218520,250,-60,55
1307219770,253,-58,55
1307221020,247,-56,59
1307223455,249,-57,53
1307224705,254,-59,58
1307225955,255,-54,50
1307227205,251,-53,53
1307228455,250,-55,52
1307229705,250,-48,52
1307230955,249,-58,52
1307232205,251,-56,52
1307233455,250,-59,52
1307234705,249,-60,55
1307235955,250,-57,50
1307237205,250,-57,54
1307238455,250,-57,57
1307239705,249,-57,53
1307240955,248,-55,57
1307242205,248,-59,55
1307243455,250,-59,51
1307244705,244,-54,51
1307245955,249,-56,52
1307247205,247,-57,52
1307248455,250,-55,58
1307249705,248,-60,54
1307250955,247,-62,55
1307252205,250,-53,51
1307253455,249,-59,56
1307255952,250,-64,49
1307257202,253,-58,59
1307258452,245,-57,59
1307259702,251,-58,57
1307260952,252,-56,50
1307262202,249,-56,59
1307263452,247,-59,55
1307264702,245,-59,55
1307265952,248,-60,53
1307267202,248,-56,56
1307268452,247,-58,57
1307269702,246,-63,51
1307270952,251,-64,55
1307272202,251,-62,56
1307273452,246,-55,52
1307274702,246,-56,51
1307275952,249,-57,59
1307277202,249,-58,57
1307278452,250,-59,58
1307279702,248,-59,60
1307280952,248,-56,53
1307282202,248,-59,51
1307283452,251,-61,50
1307284702,249,-57,51
1307285952,249,-58,52
1307288524,251,-56,51
1307289774,253,-58,55
1307291024,254,-55,58
1307292274,249,-54,51
1307293524,252,-55,51
1307294774,252,-60,56
1307296024,250,-56,55
1307297274,249,-59,52
1307298524,250,-56,58
1307299774,248,-57,55
1307301024,247,-57,55
1307302274,251,-54,58
1307303524,253,-59,57
1307304774,252,-58,55
1307306024,251,-60,56
1307307274,246,-56,55
1307308524,254,-61,55
1307309774,251,-59,51
1307311024,254,-56,51
1307312274,253,-57,56
1307313524,251,-58,51
1307314774,252,-57,56
1307316024,252,-62,53
1307317274,252,-61,55
1307318524,253,-61,56
1307320989,249,-60,55
1307322239,254,-57,59
1307323489,251,-56,53
1307324739,252,-55,54
1307325989,250,-56,57
1307327239,253,-55,59
1307328489,251,-61,54
1307329739,249,-58,57
1307330989,249,-59,55
1307332239,250,-63,54
1307333489,247,-58,55
1307334739,248,-57,54
1307335989,246,-60,58
1307337239,253,-60,52
1307338489,253,-57,56
1307339739,250,-57,52
1307340989,248,-59,59
1307342239,253,-57,56
1307343489,252,-60,54
1307344739,250,-56,50
1307345989,250,-56,55
1307347239,248,-57,54
1307348489,245,-58,54
1307349739,249,-59,55
1307350989,247,-59,54
1307353455,246,-60,55
1307354705,250,-57,57
1307355955,246,-55,56
1307357205,246,-55,56
1307358455,250,-59,57
1307359705,246,-55,54
1307360955,248,-58,53
1307362205,248,-62,53
1307363455,248,-61,56
1307364705,249,-59,47
1307365955,248,-61,51
1307367205,245,-59,55
1307368455,246,-60,56
1307369705,244,-60,53
1307370955,247,-58,58
1307372205,249,-62,53
1307373455,248,-58,56
1307374705,249,-58,53
1307375955,247,-60,56
1307377205,244,-54,55
1307378455,244,-54,59
1307379705,246,-60,53
1307380955,244,-58,54
1307382205,245,-60,53
1307383455,245,-56,56
1307386052,249,-56,52
1307387302,248,-55,50
1307388552,250,-58,56
1307389802,248,-56,58
1307391052,251,-58,52
1307392302,253,-56,52
1307393552,247,-59,51
1307394802,248,-56,51
1307396052,247,-55,56
1307397302,249,-59,50
1307398552,250,-55,54
1307399802,252,-58,55
1307401052,250,-58,55
1307402302,249,-58,56
1307403552,248,-58,60
1307404802,246,-58,55
1307406052,246,-58,52
1307407302,245,-58,51
1307408552,246,-56,54
1307409802,249,-57,53
1307411052,247,-58,53
1307412302,250,-62,51
1307413552,251,-57,59
1307414802,249,-57,56
1307416052,247,-60,55
1307418524,246,-57,55
1307419774,252,-56,56
1307421024,252,-55,53
1307422274,249,-54,54
1307423524,250,-56,58
1307424774,252,-57,60
1307426024,247,-57,52
1307427274,249,-57,55
1307428524,248,-53,56
1307429774,252,-57,53
1307431024,249,-59,59
1307432274,250,-56,53
1307433524,252,-58,54
1307434774,247,-57,57
1307436024,252,-54,53
1307437274,253,-59,55
1307438524,253,-59,58
1307439774,252,-55,57
1307441024,249,-60,53
1307442274,251,-60,57
1307443524,250,-57,59
1307444774,247,-59,58
1307446024,246,-59,50
1307447274,247,-55,56
1307448524,249,-59,61
1307451077,247,-57,55
1307452327,252,-58,61
1307453577,247,-57,57
1307454827,252,-55,58
1307456077,247,-54,57
1307457327,250,-57,61
1307458577,251,-58,55
1307459827,252,-57,55
1307461077,252,-57,52
1307462327,252,-55,53
1307463577,250,-56,55
1307464827,246,-56,56
1307466077,254,-56,53
1307467327,250,-56,55
1307468577,255,-58,55
1307469827,252,-58,53
1307471077,250,-56,53
1307472327,254,-58,59
1307473577,250,-58,53
1307474827,251,-57,52
1307476077,251,-57,56
1307477327,249,-59,56
1307478577,253,-56,60
1307479827,250,-54,52
1307481077,249,-58,52
1307483486,251,-58,53
1307484736,252,-55,62
1307485986,250,-57,56
1307487236,254,-52,55
1307488486,251,-51,51
1307489736,254,-55,50
1307490986,254,-57,53
1307492236,252,-56,55
1307493486,253,-56,55
1307494736,252,-56,59
1307495986,248,-57,58
1307497236,252,-57,58
1307498486,255,-63,56
1307499736,252,-56,57
1307500986,254,-58,56
1307502236,254,-55,55
1307503486,252,-56,55
1307504736,253,-59,55
1307505986,256,-56,56
1307507236,252,-57,56
1307508486,252,-59,54
1307509736,251,-58,52
1307510986,248,-61,58
1307512236,248,-59,54
1307513486,247,-55,56
1307516020,249,-61,54
1307517270,253,-57,56
1307518520,249,-51,57
1307519770,245,-55,56
1307521020,247,-57,56
1307522270,250,-57,58
1307523520,245,-58,54
1307524770,246,-59,52
1307526020,247,-61,54
1307527270,245,-56,50
1307528520,242,-55,51
1307529770,244,-55,52
1307531020,247,-53,56
1307532270,245,-58,55
1307533520,248,-57,49
1307534770,249,-56,49
1307536020,245,-56,46
1307537270,247,-61,50
1307538520,245,-60,52
1307539770,248,-55,53
1307541020,243,-58,55
1307542270,244,-60,48
1307543520,245,-62,53
1307544770,245,-56,55
1307546020,244,-60,58
1307548455,245,-59,53
1307549705,249,-55,52
1307550955,248,-52,53
1307552205,243,-53,51
1307553455,244,-56,51
1307554705,243,-53,55
1307555955,246,-56,52
1307557205,245,-57,51
1307558455,246,-57,53
1307559705,247,-56,54
1307560955,248,-59,53
1307562205,247,-56,50
1307563455,245,-58,49
1307564705,246,-57,51
1307565955,245,-53,47
1307567205,246,-57,56
1307568455,245,-55,52
1307569705,248,-59,56
1307570955,250,-59,57
1307572205,248,-58,54
1307573455,248,-57,53
1307574705,254,-55,57
1307575955,251,-59,53
1307577205,248,-54,53
1307578455,251,-59,54
1307581052,250,-60,51
1307582302,255,-53,51
1307583552,254,-55,57
1307584802,253,-57,53
1307586052,251,-52,56
1307587302,252,-54,55
1307588552,254,-56,55
1307589802,255,-58,55
1307591052,254,-56,55
1307592302,247,-54,50
1307593552,249,-58,53
1307594802,249,-58,56
1307596052,253,-55,55
1307597302,250,-55,52
1307598552,253,-57,57
1307599802,250,-57,57
1307601052,250,-57,53
1307602302,246,-59,53
1307603552,253,-59,51
1307604802,254,-57,52
1307606052,249,-58,55
1307607302,250,-60,55
1307608552,247,-61,54
1307609802,248,-57,56
1307611052,250,-55,58
1307613524,251,-58,57
1307614774,255,-58,58
1307616024,251,-59,58
1307617274,251,-55,57
1307618524,252,-53,61
1307619774,253,-60,56
1307621024,253,-55,58
1307622274,251,-59,55
1307623524,251,-57,55
1307624774,246,-59,56
1307626024,251,-61,53
1307627274,248,-60,53
1307628524,251,-58,57
1307629774,250,-59,57
1307631024,244,-59,56
1307632274,245,-59,58
1307633524,245,-59,54
1307634774,246,-59,55
1307636024,246,-56,49
1307637274,252,-56,57
1307638524,246,-55,54
1307639774,249,-58,55
1307641024,250,-61,55
1307642274,249,-58,56
1307643524,250,-61,56
1307645989,249,-54,54
1307647239,254,-55,59
1307648489,247,-54,60
1307649739,248,-57,57
1307650989,246,-52,56
1307652239,250,-55,59
1307653489,248,-58,56
1307654739,250,-61,56
1307655989,249,-59,55
1307657239,248,-58,54
1307658489,247,-57,62
1307659739,248,-56,55
1307660989,245,-57,55
1307662239,251,-59,54
1307663489,246,-60,60
1307664739,248,-54,49
1307665989,246,-60,54
1307667239,247,-61,55
1307668489,243,-58,58
1307669739,245,-61,57
1307670989,251,-63,57
1307672239,246,-59,57
1307673489,252,-61,58
1307674739,250,-62,52
1307675989,247,-59,58
1307678550,247,-61,58
1307679800,249,-56,55
1307681050,246,-55,57
1307682300,251,-58,54
1307683550,252,-55,51
1307684800,248,-58,61
1307686050,245,-60,54
1307687300,248,-57,57
1307688550,250,-57,57
1307689800,251,-58,60
1307691050,249,-54,52
1307692300,246,-61,59
1307693550,246,-58,53
1307694800,246,-61,52
1307696050,249,-60,53
1307697300,249,-59,57
1307698550,249,-59,55
1307699800,252,-60,53
1307701050,254,-58,53
1307702300,252,-60,61
1307703550,251,-60,54
1307704800,252,-55,58
1307706050,251,-61,55
1307707300,249,-55,50
1307708550,251,-57,55
1307711052,251,-57,56
1307712302,253,-58,57
1307713552,254,-57,51
1307714802,255,-55,59
1307716052,253,-58,58
1307717302,250,-55,55
1307718552,251,-59,59
1307719802,249,-59,57
1307721052,249,-58,58
1307722302,247,-59,57
1307723552,246,-54,55
1307724802,251,-59,55
1307726052,247,-51,55
1307727302,247,-55,54
1307728552,252,-59,56
1307729802,248,-56,54
1307731052,251,-56,57
1307732302,252,-57,58
1307733552,250,-58,57
1307734802,251,-59,53
1307736052,254,-60,56
1307737302,254,-58,52
1307738552,256,-54,55
1307739802,257,-57,54
1307741052,252,-59,54
1307743524,254,-54,57
1307744774,255,-54,55
1307746024,254,-55,50
1307747274,255,-58,60
1307748524,248,-57,54
1307749774,251,-58,55
1307751024,251,-60,55
1307752274,249,-62,57
1307753524,249,-55,57
1307754774,251,-61,58
1307756024,245,-62,57
1307757274,251,-59,60
1307758524,253,-58,58
1307759774,254,-59,55
1307761024,249,-55,55
1307762274,250,-56,56
1307763524,252,-59,54
1307764774,253,-55,52
1307766024,250,-58,56
1307767274,254,-53,54
1307768524,252,-54,52
1307769774,253,-56,51
1307771024,251,-54,60
1307772274,252,-57,56
1307773524,254,-57,55
1307775989,251,-56,52
1307777239,250,-50,56
1307778489,250,-53,54
1307779739,248,-50,54
1307780989,249,-55,55
1307782239,247,-55,54
1307783489,250,-62,54
1307784739,246,-59,54
1307785989,249,-59,55
1307787239,245,-58,58
1307788489,249,-63,53
1307789739,252,-57,52
1307790989,246,-60,55
1307792239,250,-56,53
1307793489,243,-60,59
1307794739,251,-56,53
1307795989,249,-55,54
1307797239,250,-58,57
1307798489,253,-60,59
1307799739,253,-59,53
1307800989,252,-58,53
1307802239,251,-59,57
1307803489,252,-59,53
1307804739,251,-55,55
1307805989,250,-55,62
1307808455,251,-58,57
1307809705,254,-51,52
1307810955,253,-53,54
1307812205,253,-58,60
1307813455,252,-56,57
1307814705,255,-58,58
1307815955,249,-56,57
1307817205,251,-59,57
1307818455,249,-61,56
1307819705,248,-58,57
1307820955,252,-58,57
1307822205,251,-61,50
1307823455,248,-60,53
1307824705,249,-56,59
1307825955,248,-57,54
1307827205,246,-61,50
1307828455,248,-61,59
1307829705,248,-58,57
1307830955,248,-58,53
1307832205,246,-58,59
1307833455,248,-60,54
1307834705,250,-58,57
1307835955,248,-59,56
1307837205,248,-59,58
1307838455,250,-61,55
1307840952,252,-61,56
1307842202,255,-59,55
1307843452,249,-56,62
1307844702,251,-57,57
1307845952,248,-55,60
1307847202,254,-55,58
1307848452,251,-58,54
1307849702,254,-60,52
1307850952,250,-56,59
1307852202,246,-56,53
1307853452,244,-59,52
1307854702,250,-60,53
1307855952,250,-57,53
1307857202,251,-58,55
1307858452,251,-58,54
1307859702,251,-61,53
1307860952,248,-55,53
1307862202,252,-58,58
1307863452,248,-55,56
1307864702,250,-59,58
1307865952,252,-59,53
1307867202,253,-62,55
1307868452,252,-62,61
1307869702,253,-63,57
1307870952,249,-58,58
1307873524,251,-59,55
1307874774,254,-56,57
1307876024,254,-55,53
1307877274,252,-56,62
1307878524,253,-55,51
1307879774,251,-53,58
1307881024,251,-59,54
1307882274,250,-56,54
1307883524,249,-59,54
1307884774,250,-55,54
1307886024,248,-60,54
1307887274,250,-56,55
1307888524,252,-58,58
1307889774,251,-61,52
1307891024,250,-58,55
1307892274,253,-60,51
1307893524,251,-57,52
1307894774,249,-56,53
1307896024,247,-58,53
1307897274,254,-57,51
1307898524,249,-57,54
1307899774,250,-57,55
1307901024,254,-62,58
1307902274,250,-58,53
1307903524,251,-58,57
1307905989,252,-58,58
1307907239,252,-47,57
1307908489,252,-56,57
1307909739,249,-51,55
1307910989,258,-56,58
1307912239,257,-54,58
1307913489,255,-56,52
1307914739,252,-54,54
1307915989,252,-55,50
1307917239,251,-54,56
1307918489,252,-54,56
1307919739,252,-57,50
1307920989,256,-56,49
1307922239,250,-58,51
1307923489,255,-59,56
1307924739,252,-54,61
1307925989,252,-57,52
1307927239,251,-60,53
1307928489,251,-55,56
1307929739,251,-59,56
1307930989,249,-59,53
1307932239,252,-59,51
1307933489,248,-56,54
1307934739,253,-56,57
1307935989,249,-55,57
1307938455,246,-54,53
1307939705,253,-55,51
1307940955,257,-50,59
1307942205,255,-56,53
1307943455,255,-54,55
1307944705,254,-58,55
1307945955,251,-56,54
1307947205,252,-58,52
1307948455,253,-58,53
1307949705,252,-55,58
1307950955,251,-56,50
1307952205,251,-56,58
1307953455,249,-59,51
1307954705,251,-55,60
1307955955,250,-58,54
1307957205,248,-54,53
1307958455,250,-55,53
1307959705,255,-61,56
1307960955,254,-57,53
1307962205,254,-56,58
1307963455,250,-57,55
1307964705,252,-60,50
1307965955,249,-52,55
1307967205,251,-56,51
1307968455,249,-57,54
1307970952,251,-57,54
1307972202,254,-56,56
1307973452,256,-55,54
1307974702,255,-51,56
1307975952,258,-57,58
1307977202,254,-47,56
1307978452,249,-53,58
1307979702,253,-59,52
1307980952,249,-57,48
1307982202,250,-59,58
1307983452,253,-58,55
1307984702,247,-60,56
1307985952,249,-58,54
1307987202,250,-60,58
1307988452,246,-52,57
1307989702,252,-57,55
1307990952,251,-57,60
1307992202,252,-59,52
1307993452,251,-56,55
1307994702,249,-55,54
1307995952,251,-57,57
1307997202,255,-51,55
1307998452,250,-56,48
1307999702,254,-56,50
1308000952,248,-58,51
1308003524,249,-56,52
1308004774,251,-56,50
1308006024,255,-58,52
1308007274,247,-52,53
1308008524,252,-52,54
1308009774,248,-55,57
1308011024,248,-58,55
1308012274,244,-58,51
1308013524,248,-59,53
1308014774,249,-59,55
1308016024,246,-56,49
1308017274,251,-56,56
1308018524,252,-58,54
1308019774,252,-51,49
1308021024,248,-54,55
1308022274,251,-57,56
1308023524,252,-54,51
1308024774,251,-58,52
1308026024,251,-55,49
1308027274,250,-59,51
1308028524,249,-56,50
1308029774,247,-54,57
1308031024,251,-59,54
1308032274,250,-60,52
1308033524,249,-54,53
1308035989,251,-53,53
1308037239,251,-53,58
1308038489,253,-57,52
1308039739,251,-55,55
1308040989,252,-50,56
1308042239,250,-56,57
1308043489,251,-56,51
1308044739,250,-56,56
1308045989,252,-54,55
1308047239,253,-57,55
1308048489,250,-57,54
1308049739,253,-54,49
1308050989,253,-55,51
1308052239,251,-53,52
1308053489,252,-56,49
1308054739,252,-56,51
1308055989,250,-56,55
1308057239,252,-56,61
1308058489,250,-56,53
1308059739,252,-60,52
1308060989,250,-60,56
1308062239,246,-55,52
1308063489,251,-56,54
1308064739,251,-57,56
1308065989,247,-59,56
1308068455,251,-58,53
1308069705,251,-53,57
1308070955,244,-48,60
1308072205,250,-53,55
1308073455,249,-57,57
1308074705,253,-53,51
1308075955,251,-58,54
1308077205,247,-57,54
1308078455,248,-56,51
1308079705,249,-58,54
1308080955,248,-57,54
1308082205,249,-61,55
1308083455,249,-57,54
1308084705,249,-57,57
1308085955,247,-60,51
1308087205,246,-58,57
1308088455,251,-59,54
1308089705,248,-55,59
1308090955,250,-59,53
1308092205,250,-59,52
1308093455,254,-58,54
1308094705,251,-54,57
1308095955,250,-58,58
1308097205,248,-60,53
1308098455,252,-60,53
1308100952,246,-57,52
1308102202,250,-54,59
1308103452,254,-56,58
1308104702,252,-60,60
1308105952,254,-61,58
1308107202,252,-55,58
1308108452,249,-58,53
1308109702,250,-60,56
1308110952,249,-58,56
1308112202,251,-58,61
1308113452,249,-60,53
1308114702,251,-55,55
1308115952,250,-54,54
1308117202,246,-52,54
1308118452,248,-57,50
1308119702,251,-60,54
1308120952,251,-60,57
1308122202,244,-56,56
1308123452,248,-54,56
1308124702,250,-53,52
1308125952,250,-58,57
1308127202,250,-57,53
1308128452,249,-59,54
1308129702,246,-57,54
1308130952,248,-54,52
1308133524,248,-60,55
1308134774,253,-59,55
1308136024,252,-51,57
1308137274,247,-58,58
1308138524,249,-56,56
1308139774,252,-54,60
1308141024,249,-58,55
1308142274,251,-61,53
1308143524,249,-56,53
1308144774,250,-57,58
1308146024,248,-54,54
1308147274,249,-54,58
1308148524,245,-56,55
1308149774,250,-55,54
1308151024,251,-59,58
1308152274,254,-58,56
1308153524,252,-58,56
1308154774,252,-58,54
1308156024,247,-56,57
1308157274,251,-52,52
1308158524,250,-60,59
1308159774,249,-58,54
1308161024,251,-60,58
1308162274,250,-58,56
1308163524,252,-58,57
1308165989,252,-55,58
1308167239,255,-53,51
1308168489,256,-55,53
1308169739,254,-51,56
1308170989,253,-52,58
1308172239,256,-50,56
1308173489,252,-56,57
1308174739,252,-56,56
1308175989,251,-55,55
1308177239,251,-57,59
1308178489,247,-57,53
1308179739,253,-57,54
1308180989,250,-59,54
1308182239,246,-54,53
1308183489,250,-62,55
1308184739,245,-53,56
1308185989,245,-57,55
1308187239,248,-57,53
1308188489,249,-58,55
1308189739,248,-53,54
1308190989,249,-53,57
1308192239,248,-56,54
1308193489,248,-54,54
1308194739,248,-54,51
1308195989,249,-56,56
1308198455,253,-56,54
1308199705,250,-47,59
1308200955,251,-54,55
1308202205,251,-55,53
1308203455,252,-53,58
1308204705,254,-55,57
1308205955,250,-56,49
1308207205,248,-56,52
1308208455,246,-56,54
1308209705,249,-56,50
1308210955,247,-57,48
1308212205,243,-56,55
1308213455,248,-57,59
1308214705,246,-55,55
1308215955,252,-57,55
1308217205,244,-59,58
1308218455,244,-56,55
1308219705,248,-55,53
1308220955,254,-54,55
1308222205,249,-51,58
1308223455,249,-56,60
1308224705,252,-56,55
1308225955,247,-53,50
1308227205,251,-55,53
1308228455,253,-60,51
1308230952,251,-57,53
1308232202,254,-56,60
1308233452,255,-54,50
1308234702,251,-50,53
1308235952,252,-54,57
1308237202,252,-50,60
1308238452,252,-57,53
1308239702,250,-57,53
1308240952,251,-58,55
1308242202,245,-59,58
1308243452,252,-56,53
1308244702,251,-58,53
1308245952,251,-54,56
1308247202,250,-55,61
1308248452,250,-59,55
1308249702,250,-59,52
1308250952,252,-55,53
1308252202,249,-54,56
1308253452,247,-56,49
1308254702,252,-54,52
1308255952,251,-57,52
1308257202,251,-56,52
1308258452,255,-55,55
1308259702,249,-55,55
1308260952,252,-55,56
1308263524,252,-54,51
1308264774,254,-51,56
1308266024,254,-52,54
1308267274,252,-57,56
1308268524,253,-59,56
1308269774,252,-59,61
1308271024,250,-57,55
1308272274,250,-57,53
1308273524,252,-57,55
1308274774,253,-56,53
1308276024,251,-57,52
1308277274,251,-59,52
1308278524,251,-58,59
1308279774,249,-56,56
1308281024,250,-58,53
1308282274,250,-54,59
1308283524,247,-54,53
1308284774,251,-54,51
1308286024,249,-57,56
1308287274,252,-52,50
1308288524,251,-58,54
1308289774,249,-58,49
1308291024,247,-51,51
1308292274,248,-60,54
1308293524,250,-56,53
1308295989,249,-56,55
1308297239,253,-50,52
1308298489,253,-54,58
1308299739,248,-51,58
1308300989,254,-55,55
1308302239,249,-53,51
1308303489,252,-57,54
1308304739,251,-56,54
1308305989,248,-57,52
1308307239,249,-60,49
1308308489,249,-55,54
1308309739,249,-55,60
1308310989,247,-53,52
1308312239,251,-58,57
1308313489,255,-56,57
1308314739,250,-58,57
1308315989,250,-59,56
1308317239,252,-55,57
1308318489,250,-56,54
1308319739,253,-56,53
1308320989,248,-60,55
1308322239,251,-58,53
1308323489,253,-56,53
1308324739,249,-57,53
1308325989,250,-54,50
1308328395,250,-49,53
1308329645,254,-57,54
1308330895,251,-57,52
1308332145,253,-56,53
1308333395,252,-55,56
1308334645,248,-56,58
1308335895,248,-54,53
1308337145,251,-59,55
1308338395,249,-60,56
1308339645,249,-56,59
1308340895,249,-58,58
1308342145,251,-59,53
1308343395,248,-56,57
1308344645,249,-57,55
1308345895,247,-60,51
1308347145,248,-60,56
1308348395,251,-58,52
1308349645,248,-57,51
1308350895,250,-57,52
1308352145,245,-55,49
1308353395,247,-57,49
1308354645,249,-55,54
1308355895,248,-58,52
1308357145,249,-55,53
1308358395,254,-60,52
1308361020,249,-56,57
1308362270,250,-58,60
1308363520,247,-55,62
1308364770,248,-59,58
1308366020,246,-59,56
1308367270,249,-55,55
1308368520,245,-59,56
1308369770,248,-61,55
1308371020,248,-61,58
1308372270,249,-59,54
1308373520,245,-59,55
1308374770,246,-57,57
1308376020,249,-52,55
1308377270,250,-58,54
1308378520,248,-56,50
1308379770,246,-57,57
1308381020,247,-54,56
1308382270,248,-59,58
1308383520,249,-53,51
1308384770,252,-57,53
1308386020,253,-57,57
1308387270,252,-57,54
1308388520,251,-54,51
1308389770,252,-59,50
1308391020,252,-52,57
1308393455,251,-55,56
1308394705,252,-47,55
1308395955,256,-53,53
1308397205,255,-53,57
1308398455,251,-51,56
1308399705,252,-54,59
1308400955,251,-55,56
1308402205,249,-57,54
1308403455,253,-59,54
1308404705,253,-58,59
1308405955,253,-51,53
1308407205,250,-56,58
1308408455,254,-56,54
1308409705,249,-54,58
1308410955,252,-57,51
1308412205,253,-53,52
1308413455,252,-53,60
1308414705,253,-52,57
1308415955,255,-55,51
1308417205,251,-54,51
1308418455,253,-55,55
1308419705,255,-53,55
1308420955,251,-57,52
1308422205,252,-56,55
1308423455,253,-54,54
1308425952,252,-55,57
1308427202,255,-57,56
1308428452,256,-54,55
1308429702,255,-57,58
1308430952,254,-54,56
1308432202,256,-58,58
1308433452,253,-56,54
1308434702,252,-55,55
1308435952,256,-56,55
1308437202,253,-56,49
1308438452,249,-56,52
1308439702,254,-59,51
1308440952,252,-52,51
1308442202,252,-55,54
1308443452,255,-59,55
1308444702,253,-58,61
1308445952,250,-55,52
1308447202,248,-58,55
1308448452,248,-54,54
1308449702,251,-58,60
1308450952,250,-57,56
1308452202,253,-58,54
1308453452,256,-58,59
1308454702,252,-59,54
1308455952,249,-59,58
1308458525,249,-57,56
1308459775,255,-56,58
1308461025,254,-59,56
1308462275,253,-57,60
1308463525,252,-57,58
1308464775,252,-56,59
1308466025,249,-59,54
1308467275,248,-59,56
1308468525,243,-57,58
1308469775,242,-61,59
1308471025,246,-64,58
1308472275,244,-58,59
1308473525,244,-62,61
1308474775,248,-60,59
1308476025,247,-59,60
1308477275,245,-59,55
1308478525,246,-60,53
1308479775,246,-60,57
1308481025,246,-62,54
1308482275,248,-59,60
1308483525,245,-61,56
1308484775,249,-57,54
1308486025,246,-60,57
1308487275,248,-56,54
1308488525,247,-54,54
1308490989,247,-59,58
1308492239,244,-53,54
1308493489,244,-56,58
1308494739,248,-56,60
1308495989,252,-58,58
1308497239,251,-60,55
1308498489,246,-58,57
1308499739,244,-62,55
1308500989,245,-58,58
1308502239,246,-62,56
1308503489,246,-59,60
1308504739,247,-61,57
1308505989,250,-59,56
1308507239,244,-59,58
1308508489,248,-61,60
1308509739,246,-59,59
1308510989,245,-55,56
1308512239,246,-60,57
1308513489,247,-60,60
1308514739,250,-58,55
1308515989,248,-59,60
1308517239,246,-58,56
1308518489,248,-56,57
1308519739,245,-56,56
1308520989,247,-61,60
1308523455,243,-57,59
1308524705,245,-54,57
1308525955,248,-56,56
1308527205,244,-53,58
1308528455,248,-57,62
1308529705,250,-51,56
1308530955,247,-58,58
1308532205,244,-59,55
1308533455,245,-58,54
1308534705,246,-62,54
1308535955,243,-56,53
1308537205,246,-55,56
1308538455,242,-55,56
1308539705,243,-54,60
1308540955,242,-55,50
1308542205,245,-59,58
1308543455,242,-60,57
1308544705,241,-56,59
1308545955,242,-55,58
1308547205,238,-57,56
1308548455,240,-60,57
1308549705,241,-53,58
1308550955,240,-60,61
1308552205,239,-61,55
1308553455,238,-58,53
1308555952,236,-57,58
1308557202,242,-59,63
1308558452,241,-50,63
1308559702,240,-57,64
1308560952,235,-51,61
1308562202,242,-55,58
1308563452,237,-54,58
1308564702,237,-59,56
1308565952,239,-55,57
1308567202,242,-58,55
1308568452,238,-56,56
1308569702,240,-56,56
1308570952,236,-55,57
1308572202,237,-55,61
1308573452,238,-58,60
1308574702,235,-59,62
1308575952,237,-59,57
1308577202,234,-61,57
1308578452,234,-58,58
1308579702,234,-58,61
1308580952,234,-59,60
1308582202,231,-58,65
1308583452,229,-57,62
1308584702,233,-59,58
1308585952,235,-56,58
1308588524,236,-59,58
1308589774,239,-57,58
1308591024,236,-56,60
1308592274,240,-57,61
1308593524,237,-54,63
1308594774,239,-46,62
1308596024,233,-53,61
1308597274,235,-57,60
1308598524,231,-57,62
1308599774,230,-61,62
1308601024,233,-63,56
1308602274,235,-63,62
1308603524,232,-61,62
1308604774,229,-61,57
1308606024,230,-64,62
1308607274,228,-60,57
1308608524,227,-55,57
1308609774,227,-59,60
1308611024,227,-61,61
1308612274,222,-60,63
1308613524,223,-56,62
1308614774,226,-58,60
1308616024,224,-55,58
1308617274,226,-60,57
1308618524,221,-56,56
1308620922,220,-62,57
1308622172,222,-57,62
1308623422,223,-59,63
1308624672,222,-56,62
1308625922,223,-61,60
1308627172,224,-58,61
1308628422,224,-62,57
1308629672,221,-61,60
1308630922,222,-60,61
1308632172,224,-59,62
1308633422,222,-63,62
1308634672,223,-59,60
1308635922,221,-61,58
1308637172,222,-58,57
1308638422,220,-58,60
1308639672,219,-59,62
1308640922,221,-61,56
1308642172,218,-57,62
1308643422,221,-62,58
1308644672,220,-59,57
1308645922,222,-59,58
1308647172,225,-59,56
1308648422,222,-59,54
1308649672,222,-62,60
1308650922,220,-58,56
1308653486,220,-60,58
1308654736,222,-58,63
1308655986,220,-56,56
1308657236,220,-58,58
1308658486,218,-53,59
1308659736,217,-54,61
1308660986,218,-60,51
1308662236,217,-59,53
1308663486,215,-58,52
1308664736,215,-54,53
1308665986,216,-57,57
1308667236,215,-57,58
1308668486,207,-55,53
1308669736,212,-59,51
1308670986,210,-56,50
1308672236,211,-56,53
1308673486,213,-56,49
1308674736,213,-60,50
1308675986,214,-58,54
1308677236,212,-56,49
1308678486,210,-58,49
1308679736,208,-56,48
1308680986,214,-54,50
1308682236,208,-51,49
1308683486,210,-53,52
1308686020,208,-51,52
1308687270,210,-50,46
1308688520,209,-51,46
1308689770,207,-53,48
1308691020,210,-48,52
1308692270,210,-55,54
1308693520,204,-56,45
1308694770,204,-56,44
1308696020,204,-53,48
1308697270,205,-54,47
1308698520,203,-54,44
1308699770,208,-56,47
1308701020,206,-49,44
1308702270,203,-52,44
1308703520,205,-55,51
1308704770,206,-53,47
1308706020,201,-48,47
1308707270,206,-50,44
1308708520,208,-53,43
1308709770,207,-53,46
1308711020,207,-49,44
1308712270,207,-49,42
1308713520,207,-48,39
1308714770,207,-43,48
1308716020,206,-44,43
1308718455,208,-45,41
1308719705,206,-42,45
1308720955,206,-46,47
1308722205,210,-46,45
1308723455,206,-43,45
1308724705,207,-41,41
1308725955,207,-43,44
1308727205,208,-44,40
1308728455,204,-41,39
1308729705,207,-42,42
1308730955,210,-46,40
1308732205,211,-46,40
1308733455,211,-45,40
1308734705,212,-42,38
1308735955,207,-36,45
1308737205,213,-44,40
1308738455,211,-41,39
1308739705,213,-39,41
1308740955,209,-37,41
1308742205,218,-37,42
1308743455,218,-37,38
1308744705,219,-30,38
1308745955,220,-31,39
1308747205,219,-30,40
1308748455,223,-29,46
1308750952,225,-31,39
1308752202,228,-27,45
1308753452,229,-25,48
1308754702,231,-26,42
1308755952,232,-23,43
1308757202,233,-26,46
1308758452,232,-30,49
1308759702,232,-21,40
1308760952,229,-27,38
1308762202,232,-26,43
1308763452,233,-19,40
1308764702,233,-20,39
1308765952,236,-25,40
1308767202,237,-19,42
1308768452,236,-22,34
1308769702,238,-20,34
1308770952,238,-12,37
1308772202,245,-10,35
1308773452,241,-14,37
1308774702,243,-16,34
1308775952,242,-8,34
1308777202,246,-13,28
1308778452,250,-12,33
1308779702,249,-10,27
1308780952,249,-9,33
1308783524,249,-6,32
1308784774,251,-4,35
1308786024,255,1,42
1308787274,255,3,38
1308788524,258,-2,38
1308789774,258,-3,33
1308791024,255,-8,36
1308792274,256,-6,32
1308793524,259,-6,36
1308794774,261,-9,42
1308796024,262,-5,39
1308797274,263,-7,37
1308798524,261,-3,37
1308799774,267,-4,38
1308801024,262,0,39
1308802274,268,-1,35
1308803524,273,0,36
1308804774,270,0,39
1308806024,270,-1,34
1308807274,276,2,35
1308808524,277,0,34
1308809774,276,4,39
1308811024,277,3,35
1308812274,282,2,36
1308813524,278,4,38
1308815989,283,3,36
1308817239,288,7,36
1308818489,286,4,43
1308819739,286,4,41
1308820989,289,7,40
1308822239,283,6,40
1308823489,285,4,38
1308824739,286,1,36
1308825989,287,1,36
1308827239,285,-1,37
1308828489,287,1,41
1308829739,283,-1,39
1308830989,287,0,36
1308832239,281,-1,39
1308833489,281,0,39
1308834739,283,4,34
1308835989,284,5,35
1308837239,286,3,40
1308838489,286,5,36
1308839739,281,3,31
1308840989,286,2,36
1308842239,285,3,34
1308843489,289,5,29
1308844739,284,8,29
1308845989,285,5,39
1308848550,282,4,35
1308849800,287,9,30
1308851050,287,4,33
1308852300,287,5,35
1308853550,289,6,33
1308854800,287,6,34
1308856050,283,5,29
1308857300,284,2,31
1308858550,281,1,32
1308859800,276,2,35
1308861050,281,3,31
1308862300,282,0,26
1308863550,283,4,29
1308864800,283,1,28
1308866050,285,1,22
1308867300,281,2,24
1308868550,280,6,27
1308869800,279,8,24
1308871050,279,15,29
1308872300,263,16,42
1308873550,273,-4,-11
1308874800,268,3,58
1308876050,293,27,20
1308877300,284,7,3
1308878550,282,-8,13
1308880989,287,5,24
1308882239,293,10,20
1308883489,290,5,23
1308884739,288,6,28
1308885989,289,10,26
1308887239,285,9,24
1308888489,283,3,32
1308889739,283,3,33
1308890989,280,7,32
1308892239,276,4,36
1308893489,277,6,27
1308894739,278,8,31
1308895989,280,13,33
1308897239,280,5,23
1308898489,284,5,23
1308899739,278,0,28
1308900989,279,2,24
1308902239,279,3,25
1308903489,278,4,21
1308904739,280,0,23
1308905989,279,2,25
1308907239,277,2,19
1308908489,276,5,24
1308909739,274,7,28
1308910989,281,7,21
1308913455,280,3,18
1308914705,287,6,23
1308915955,282,12,30
1308917205,279,11,21
1308918455,278,10,21
1308919705,280,9,25
1308920955,277,9,24
1308922205,275,9,21
1308923455,274,6,25
1308924705,273,10,15
1308925955,276,10,18
1308927205,270,11,20
1308928455,277,10,26
1308929705,271,12,19
1308930955,277,4,24
1308932205,271,3,23
1308933455,274,6,26
1308934705,276,4,22
1308935955,274,4,22
1308937205,276,5,26
1308938455,274,4,22
1308939705,271,4,23
1308940955,276,4,24
1308942205,276,3,23
1308943455,274,4,22
1308945952,274,4,20
1308947202,279,6,28
1308948452,276,7,24
1308949702,278,9,24
1308950952,280,7,28
1308952202,280,7,20
1308953452,280,2,23
1308954702,278,4,25
1308955952,280,7,24
1308957202,278,4,27
1308958452,279,1,21
1308959702,280,1,26
1308960952,282,6,24
1308962202,281,9,25
1308963452,282,4,31
1308964702,277,3,23
1308965952,274,3,21
1308967202,277,5,21
1308968452,276,5,22
1308969702,275,3,24
1308970952,277,6,28
1308972202,282,1,20
1308973452,276,1,26
1308974702,277,5,21
1308975952,278,4,22
1308978524,274,3,22
1308979774,276,5,26
1308981024,279,8,25
1308982274,277,0,25
1308983524,276,7,20
1308984774,270,12,20
1308986024,271,7,21
1308987274,270,7,25
1308988524,269,6,20
1308989774,267,9,22
1308991024,266,9,18
1308992274,271,4,13
1308993524,268,8,20
1308994774,286,11,16
1308996024,281,14,19
1308997274,259,6,19
1308998524,257,0,13
1308999774,260,2,21
1309001024,256,7,15
1309002274,261,3,14
1309003524,261,5,27
1309004774,261,16,7
1309006024,260,7,14
1309007274,262,7,16
1309008524,261,11,6
1309011077,263,4,12
1309012327,267,11,13
1309013577,269,7,14
1309014827,262,9,9
1309016077,266,10,19
1309017327,266,12,8
1309018577,264,7,11
1309019827,261,8,10
1309021077,262,9,12
1309022327,265,5,6
1309023577,261,11,11
1309024827,264,5,14
1309026077,263,11,18
1309027327,262,14,16
1309028577,258,19,12
1309029827,260,18,10
1309031077,261,18,9
1309032327,262,14,4
1309033577,264,13,14
1309034827,263,17,4
1309036077,264,7,11
1309037327,268,3,19
1309038577,265,17,11
1309039827,267,16,7
1309041077,267,20,-19
1309043486,267,9,16
1309044736,274,13,30
1309045986,268,18,16
1309047236,265,22,0
1309048486,270,16,12
1309049736,274,10,15
1309050986,269,16,6
1309052236,277,2,17
1309053486,276,12,16
1309054736,273,21,13
1309055986,275,15,11
1309057236,280,15,13
1309058486,279,16,14
1309059736,279,4,9
1309060986,270,22,11
1309062236,278,19,-2
1309063486,280,4,22
1309064736,279,6,16
1309065986,278,13,15
1309067236,271,21,9
1309068486,280,13,19
1309069736,285,13,10
1309070986,280,14,9
1309072236,284,11,8
1309073486,280,15,10
1309076020,276,17,4
1309077270,281,22,3
1309078520,281,20,1
1309079770,289,10,9
1309081020,283,19,12
1309082270,282,23,8
1309083520,284,20,6
1309084770,283,12,4
1309086020,281,17,8
1309087270,286,20,6
1309088520,281,15,0
1309089770,289,11,8
1309091020,287,13,3
1309092270,282,14,3
1309093520,286,13,11
1309094770,285,15,5
1309096020,280,13,7
1309097270,282,17,4
1309098520,282,16,5
1309099770,285,17,5
1309101020,281,15,2
1309102270,285,14,3
1309103520,287,11,0
1309104770,282,20,3
1309106020,286,17,-9
1309108455,283,13,7
1309109705,286,21,3
1309110955,279,26,2
1309112205,287,21,-5
1309113455,285,19,-15
1309114705,285,21,11
1309115955,284,19,4
1309117205,279,23,-4
1309118455,283,18,0
1309119705,283,25,-4
1309120955,283,25,-13
1309122205,283,23,-7
1309123455,276,18,-6
1309124705,283,10,1
1309125955,285,13,6
1309127205,276,16,3
1309128455,270,25,-6
1309129705,278,20,-2
1309130955,277,17,-3
1309132205,281,17,-6
1309133455,284,15,-4
1309134705,276,19,-9
1309135955,280,21,-8
1309137205,279,20,-10
1309138455,277,17,-1
1309141052,278,22,-7
1309142302,282,25,-8
1309143552,279,26,-12
1309144802,276,21,-1
1309146052,281,32,-9
1309147302,283,30,-7
1309148552,279,22,-10
1309149802,277,20,-13
1309151052,279,15,-13
1309152302,278,21,-15
1309153552,278,19,-7
1309154802,277,23,-5
1309156052,276,24,-6
1309157302,281,19,-8
1309158552,277,20,-5
1309159802,277,27,-9
1309161052,282,21,-3
1309162302,285,27,-5
1309163552,282,21,-10
1309164802,284,19,-14
1309166052,284,15,-13
1309167302,286,22,-17
1309168552,288,21,-17
1309169802,282,18,-18
1309171052,286,23,-20
1309173524,287,25,-5
1309174774,287,28,-3
1309176024,290,36,-10
1309177274,288,28,-10
1309178524,285,30,-14
1309179774,286,28,-21
1309181024,286,25,-9
1309182274,284,23,-16
1309183524,282,22,-14
1309184774,288,21,-8
1309186024,292,31,-4
1309187274,273,43,-27
1309188524,273,24,-23
1309189774,277,12,-17
1309191024,285,23,-15
1309192274,280,23,-24
1309193524,278,19,-24
1309194774,280,23,-12
1309196024,284,21,-19
1309197274,277,24,-23
1309198524,277,20,-15
1309199774,279,17,-21
1309201024,274,24,-16
1309202274,275,32,-20
1309203524,274,22,-20
1309205989,271,21,-18
1309207239,273,22,-23
1309208489,275,27,-19
1309209739,272,28,-24
1309210989,271,25,-15
1309212239,279,21,-19
1309213489,270,26,-19
1309214739,269,27,-19
1309215989,271,23,-23
1309217239,271,23,-28
1309218489,269,15,-12
1309219739,271,16,-19
1309220989,268,20,-17
1309222239,267,22,-9
1309223489,266,22,-7
1309224739,267,30,-21
1309225989,265,17,-10
1309227239,264,29,-30
1309228489,261,24,-21
1309229739,263,17,-24
1309230989,269,22,-21
1309232239,266,21,-27
1309233489,265,17,-30
1309234739,269,21,-30
1309235989,272,27,-24
1309238613,267,29,-28
1309239863,273,26,-27
1309241113,268,24,-22
1309242363,270,22,-22
1309243613,268,26,-27
1309244863,273,27,-19
1309246113,269,25,-26
1309247363,271,23,-20
1309248613,265,33,-35
1309249863,266,27,-9
1309251113,266,23,-15
1309252363,264,23,-16
1309253613,269,21,-25
1309254863,266,21,-19
1309256113,269,21,-18
1309257363,266,25,-6
1309258613,269,32,-25
1309259863,269,27,-27
1309261113,265,20,-21
1309262363,268,17,-19
1309263613,270,23,-19
1309264863,262,26,-27
1309266113,269,25,-29
1309267363,270,27,-24
1309268613,268,29,-25
1309271077,273,32,-25
1309272327,272,34,-23
1309273577,276,29,-32
1309274827,273,35,-27
1309276077,273,22,-23
1309277327,272,23,-20
1309278577,269,25,-27
1309279827,269,23,-29
1309281077,269,18,-23
1309282327,267,28,-22
1309283577,269,22,-27
1309284827,269,25,-25
1309286077,269,26,-22
1309287327,272,25,-17
1309288577,260,19,-19
1309289827,257,12,-19
1309291077,257,15,-20
1309292327,263,18,-28
1309293577,266,21,-23
1309294827,270,26,-30
1309296077,264,33,-24
1309297327,265,24,-28
1309298577,263,25,-31
1309299827,262,20,-30
1309301077,264,22,-24
1309303486,263,21,-28
1309304736,270,23,-17
1309305986,271,24,-24
1309307236,267,23,-22
1309308486,264,24,-24
1309309736,269,24,-22
1309310986,269,20,-30
1309312236,268,20,-41
1309313486,270,16,-20
1309314736,264,16,-9
1309315986,265,39,-28
1309317236,267,33,-27
1309318486,266,20,-35
1309319736,265,22,-26
1309320986,262,22,-30
1309322236,263,20,-27
1309323486,264,21,-26
1309324736,266,19,-30
1309325986,264,21,-23
1309327236,266,23,-24
1309328486,264,27,-21
1309329736,265,20,-21
1309330986,264,16,-27
1309332236,267,18,-30
1309333486,262,18,-26
1309336020,263,23,-42
1309337270,263,12,-12
1309338520,265,13,-20
1309339770,259,15,-15
1309341020,264,24,-25
1309342270,269,26,-23
1309343520,266,26,-41
1309344770,262,10,-12
1309346020,265,16,-26
1309347270,264,22,-24
1309348520,262,28,-34
1309349770,259,26,-23
1309351020,264,21,-28
1309352270,265,22,-17
1309353520,265,22,-28
1309354770,265,25,-29
1309356020,264,25,-34
1309357270,265,24,-45
1309358520,262,25,-36
1309359770,266,23,-26
1309361020,265,26,-34
1309362270,267,26,-46
1309363520,264,27,-32
1309364770,267,21,-27
1309366020,266,25,-35
1309368613,263,31,-36
1309369863,267,37,-33
1309371113,1107,185,-120
1309372363,273,8,-84
1309373613,274,70,-78
1309374863,319,100,-78
1309376113,287,6,-13
1309377363,264,-42,-38
1309378613,256,-47,-41
1309379863,296,39,-4
1309381113,300,118,18
1309382363,280,66,-16
1309383613,238,8,-9
1309384863,270,-22,-26
1309386113,297,7,-38
1309387363,266,33,-45
1309388613,271,21,-34
1309389863,287,42,-36
1309391113,273,10,-40
1309392363,281,11,-40
1309393613,271,15,-36
1309394863,269,7,-42
1309396113,273,20,-38
1309397363,266,18,-33
1309398613,266,19,-38
1309401077,261,16,-40
1309402327,268,26,-29
1309403577,253,26,-30
1309404827,258,20,-34
1309406077,266,4,-41
1309407327,298,3,-61
1309408577,262,18,-29
1309409827,266,11,-37
1309411077,263,17,-34
1309412327,281,11,-30
1309413577,271,7,-29
1309414827,271,9,-33
1309416077,265,12,-35
1309417327,273,5,-41
1309418577,277,5,-38
1309419827,272,9,-42
1309421077,264,5,-43
1309422327,268,7,-36
1309423577,277,1,-40
1309424827,269,-4,-34
1309426077,266,6,-29
1309427327,268,6,-33
1309428577,270,3,-31
1309429827,265,5,-29
1309431077,271,3,-32
1309433486,270,5,-34
1309434736,270,7,-28
1309435986,271,6,-29
1309437236,276,-2,-25
1309438486,272,3,-24
1309439736,271,1,-26
1309440986,269,4,-37
1309442236,266,8,-33
1309443486,266,9,-35
1309444736,264,8,-35
1309445986,263,14,-35
1309447236,258,13,-35
1309448486,260,16,-44
1309449736,261,10,-40
1309450986,262,9,-44
1309452236,264,6,-44
1309453486,268,4,-41
1309454736,271,2,-45
1309455986,270,-1,-44
1309457236,269,-1,-43
1309458486,272,-2,-44
1309459736,269,-5,-39
1309460986,270,3,-41
1309462236,265,1,-47
1309463486,259,7,-47
1309466020,258,7,-45
1309467270,250,7,-47
1309468520,251,-14,-61
1309469770,243,-63,-81
1309471020,271,-17,-89
1309472270,314,96,-55
1309473520,255,66,-11
1309474770,261,41,-13
1309476020,302,4,-38
1309477270,405,-39,-65
1309478520,508,-294,67
1309479770,830,-538,127
1309481020,600,-695,-60
1309482270,609,-371,-132
1309483520,466,-379,-142
1309484770,328,-340,-93
1309486020,234,-193,-136
1309487270,220,-64,-54
1309488520,331,326,-72
1309489770,105,208,-269
1309491020,109,216,-310
1309492270,-37,74,-27
1309493520,-52,55,-81
1309494770,177,138,-85
1309496020,-253,136,-176
1309498613,507,357,-90
1309499863,-236,104,-130
1309501113,375,318,-26
1309502363,98,180,-71
1309503613,-33,137,-90
1309504863,326,209,-43
1309506113,6,84,-78
1309507363,201,82,-29
1309508613,383,150,-31
1309509863,-105,11,-64
1309511113,764,171,23
1309512363,183,44,-27
1309513613,352,11,-14
1309514863,220,-1,17
1309516113,382,10,20
1309517363,316,12,15
1309518613,184,-8,32
1309519863,392,32,7
1309521113,315,34,13
1309522363,148,14,7
1309523613,423,51,53
1309524863,74,20,-6
1309526113,323,42,35
1309527363,261,46,19
1309528613,248,27,28
1309531020,332,19,103
1309532270,141,-2,34
1309533520,348,37,37
1309534770,240,18,33
1309536020,265,25,20
1309537270,262,24,23
1309538520,274,28,25
1309539770,254,37,19
1309541020,289,28,17
1309542270,251,15,13
1309543520,281,24,-32
1309544770,267,26,-47
1309546020,267,27,-46
1309547270,270,31,-34
1309548520,263,36,-40
1309549770,263,32,-41
1309551020,269,27,-33
1309552270,266,30,-39
1309553520,268,35,-52
1309554770,269,33,-47
1309556020,272,26,-40
1309557270,268,25,-47
1309558520,276,26,-43
1309559770,275,21,-43
1309561020,278,18,-36
1309563613,279,14,-35
1309564863,283,14,-28
1309566113,283,15,-28
1309567363,284,12,-31
1309568613,278,15,-33
1309569863,276,19,-31
1309571113,271,21,-35
1309572363,270,23,-35
1309573613,271,29,-47
1309574863,269,30,-33
1309576113,271,31,-27
1309577363,266,29,-31
1309578613,263,31,-35
1309579863,263,36,-33
1309581113,257,35,-29
1309582363,259,37,-28
1309583613,257,35,-28
1309584863,254,42,-29
1309586113,250,49,-36
1309587363,252,51,-31
1309588613,255,50,-36
1309589863,253,50,-33
1309591113,254,48,-33
1309592363,252,53,-35
1309593613,255,45,-33
1309596107,257,48,-28
1309597357,258,44,-25
1309598607,259,43,-28
1309599857,262,42,-30
1309601107,262,39,-30
1309602357,263,32,-24
1309603607,263,33,-33
1309604857,262,31,-33
1309606107,269,32,-32
1309607357,265,27,-28
1309608607,269,30,-36
1309609857,268,33,-33
1309611107,264,33,-36
1309612357,267,36,-35
1309613607,269,30,-38
1309614857,269,33,-34
1309616107,268,29,-40
1309617357,271,30,-34
1309618607,273,27,-27
1309619857,271,26,-35
1309621107,269,29,-36
1309622357,269,26,-34
1309623607,271,23,-36
1309624857,267,28,-36
1309626107,274,25,-36
1309628643,271,30,-41
1309629893,275,31,-36
1309631143,268,36,-35
1309632393,268,33,-38
1309633643,272,31,-35
1309634893,272,34,-31
1309636143,264,31,-30
1309637393,265,32,-37
1309638643,264,31,-33
1309639893,266,34,-29
1309641143,263,37,-37
1309642393,257,38,-33
1309643643,267,31,-35
1309644893,267,39,-36
1309646143,264,33,-34
1309647393,263,32,-35
1309648643,262,37,-34
1309649893,264,34,-34
1309651143,265,36,-29
1309652393,261,36,-32
1309653643,265,37,-34
1309654893,261,36,-31
1309656143,265,32,-34
1309657393,261,35,-33
1309658643,266,34,-33
1309661077,261,34,-34
1309662327,261,45,-30
1309663577,263,41,-27
1309664827,264,41,-35
1309666077,266,39,-30
1309667327,263,34,-32
1309668577,261,38,-34
1309669827,262,34,-31
1309671077,264,32,-37
1309672327,265,35,-33
1309673577,264,35,-35
1309674827,266,32,-34
1309676077,265,34,-33
1309677327,265,34,-32
1309678577,266,30,-39
1309679827,265,30,-32
1309681077,269,33,-32
1309682327,267,32,-34
1309683577,264,33,-33
1309684827,261,36,-36
1309686077,264,33,-32
1309687327,262,32,-31
1309688577,264,32,-33
1309689827,270,30,-35
1309691077,270,35,-36
1309693643,272,31,-35
1309694893,268,35,-32
1309696143,264,35,-27
1309697393,270,32,-33
1309698643,267,36,-33
1309699893,268,33,-30
1309701143,267,32,-36
1309702393,265,32,-33
1309703643,264,34,-33
1309704893,264,32,-34
1309706143,267,36,-40
1309707393,264,36,-32
1309708643,266,30,-33
1309709893,266,38,-34
1309711143,262,34,-34
1309712393,265,31,-37
1309713643,263,37,-31
1309714893,263,39,-31
1309716143,261,36,-34
1309717393,265,35,-38
1309718643,263,35,-34
1309719893,262,38,-29
1309721143,263,35,-33
1309722393,262,32,-30
1309723643,263,34,-35
1309726077,263,36,-34
1309727327,268,35,-33
1309728577,266,35,-34
1309729827,266,36,-28
1309731077,269,36,-33
1309732327,266,36,-29
1309733577,264,38,-33
1309734827,264,34,-35
1309736077,263,35,-34
1309737327,264,34,-32
1309738577,264,34,-39
1309739827,264,36,-31
1309741077,267,34,-40
1309742327,267,34,-32
1309743577,265,31,-35
1309744827,268,36,-37
1309746077,263,34,-35
1309747327,264,34,-33
1309748577,263,32,-33
1309749827,262,34,-36
1309751077,269,35,-30
1309752327,264,33,-30
1309753577,268,30,-33
1309754827,266,33,-31
1309756077,266,33,-33
1309758643,265,30,-33
1309759893,264,36,-34
1309761143,272,32,-27
1309762393,267,34,-34
1309763643,268,37,-30
1309764893,269,41,-35
1309766143,266,36,-34
1309767393,265,32,-33
1309768643,267,35,-30
1309769893,267,32,-30
1309771143,261,39,-33
1309772393,266,34,-33
1309773643,266,38,-35
1309774893,265,33,-30
1309776143,261,35,-38
1309777393,263,34,-35
1309778643,264,35,-31
1309779893,264,37,-33
1309781143,263,34,-35
1309782393,261,35,-37
1309783643,264,34,-32
1309784893,266,34,-36
1309786143,265,33,-31
1309787393,269,32,-34
1309788643,266,37,-35
1309791077,264,36,-28
1309792327,267,37,-34
1309793577,264,31,-32
1309794827,269,34,-29
1309796077,267,40,-33
1309797327,272,31,-29
1309798577,265,34,-35
1309799827,264,35,-33
1309801077,263,31,-34
1309802327,262,32,-34
1309803577,266,34,-32
1309804827,266,35,-31
1309806077,266,34,-34
1309807327,266,34,-39
1309808577,264,35,-34
1309809827,268,35,-33
1309811077,267,35,-38
1309812327,265,30,-32
1309813577,266,37,-35
1309814827,265,37,-29
1309816077,266,35,-36
1309817327,265,37,-38
1309818577,265,32,-34
1309819827,266,31,-31
1309821077,268,34,-37
1309823643,264,35,-34
1309824893,265,35,-28
1309826143,268,38,-31
1309827393,266,37,-34
1309828643,269,37,-31
1309829893,273,39,-24
1309831143,265,36,-33
1309832393,263,33,-32
1309833643,266,33,-35
1309834893,265,36,-35
1309836143,267,34,-35
1309837393,268,31,-39
1309838643,264,36,-29
1309839893,263,32,-34
1309841143,267,34,-30
1309842393,264,34,-33
1309843643,266,32,-36
1309844893,263,35,-34
1309846143,265,33,-38
1309847393,263,34,-30
1309848643,267,32,-34
1309849893,265,36,-32
1309851143,264,35,-28
1309852393,263,38,-30
1309853643,265,34,-35
1309856077,264,38,-35
1309857327,263,39,-34
1309858577,266,38,-35
1309859827,265,42,-31
1309861077,268,39,-37
1309862327,269,40,-29
1309863577,268,34,-32
1309864827,263,32,-31
1309866077,265,31,-33
1309867327,265,35,-34
1309868577,266,35,-30
1309869827,267,30,-36
1309871077,265,33,-36
1309872327,267,33,-31
1309873577,262,36,-38
1309874827,263,35,-36
1309876077,268,35,-35
1309877327,263,33,-34
1309878577,268,34,-34
1309879827,264,38,-34
1309881077,262,35,-27
1309882327,266,34,-37
1309883577,265,34,-33
1309884827,266,36,-32
1309886077,266,35,-35
1309888643,265,33,-37
1309889893,270,39,-31
1309891143,266,40,-35
1309892393,264,36,-25
1309893643,265,36,-29
1309894893,269,35,-34
1309896143,263,36,-36
1309897393,264,34,-36
1309898643,267,35,-33
1309899893,263,35,-35
1309901143,266,35,-31
1309902393,262,37,-33
1309903643,268,31,-30
1309904893,265,33,-31
1309906143,265,35,-36
1309907393,264,37,-33
1309908643,267,39,-35
1309909893,263,34,-33
1309911143,263,36,-33
1309912393,261,33,-32
1309913643,263,36,-37
1309914893,265,36,-32
1309916143,263,37,-33
1309917393,261,37,-29
1309918643,264,38,-33
1309921077,265,37,-32
1309922327,267,39,-31
1309923577,270,34,-31
1309924827,266,37,-34
1309926077,270,42,-36
1309927327,269,39,-30
1309928577,265,37,-34
1309929827,264,35,-33
1309931077,266,36,-28
1309932327,266,35,-32
1309933577,263,33,-31
1309934827,266,31,-28
1309936077,267,38,-28
1309937327,262,37,-35
1309938577,265,36,-29
1309939827,262,35,-33
1309941077,263,35,-35
1309942327,265,36,-32
1309943577,266,39,-34
1309944827,266,37,-34
1309946077,266,34,-34
1309947327,269,32,-36
1309948577,268,35,-33
1309949827,264,34,-33
1309951077,265,36,-32
1309953643,264,36,-34
1309954893,267,36,-29
1309956143,264,41,-33
1309957393,265,36,-32
1309958643,265,36,-31
1309959893,264,38,-31
1309961143,266,35,-36
1309962393,266,33,-32
1309963643,264,36,-32
1309964893,265,36,-35
1309966143,263,35,-31
1309967393,266,36,-33
1309968643,265,38,-32
1309969893,266,37,-36
1309971143,264,36,-36
1309972393,268,33,-33
1309973643,266,36,-31
1309974893,264,33,-29
1309976143,262,34,-35
1309977393,264,36,-35
1309978643,264,36,-33
1309979893,264,36,-34
1309981143,265,40,-32
1309982393,264,32,-32
1309983643,264,36,-32
1309986077,265,38,-39
1309987327,268,38,-31
1309988577,264,37,-33
1309989827,267,35,-29
1309991077,275,34,-30
1309992327,269,32,-27
1309993577,266,37,-33
1309994827,263,36,-32
1309996077,262,36,-34
1309997327,265,36,-32
1309998577,267,33,-38
1309999827,261,38,-32
1310001077,263,34,-38
1310002327,265,34,-33
1310003577,265,37,-33
1310004827,263,35,-35
1310006077,263,36,-34
1310007327,260,39,-30
1310008577,267,35,-35
1310009827,265,36,-32
1310011077,262,40,-35
1310012327,267,33,-33
1310013577,268,35,-34
1310014827,263,33,-34
1310016077,266,34,-35
1310018643,265,33,-31
1310019893,265,36,-31
1310021143,274,39,-31
1310022393,268,39,-33
1310023643,266,36,-27
1310024893,267,42,-30
1310026143,265,34,-36
1310027393,266,34,-37
1310028643,265,36,-34
1310029893,270,33,-29
1310031143,265,34,-37
1310032393,262,38,-35
1310033643,266,38,-30
1310034893,267,33,-31
1310036143,267,31,-32
1310037393,264,33,-35
1310038643,262,35,-34
1310039893,263,34,-32
1310041143,266,36,-29
1310042393,262,37,-32
1310043643,262,37,-30
1310044893,267,36,-32
1310046143,270,35,-36
1310047393,265,36,-30
1310048643,263,36,-32
1310051077,265,35,-29
1310052327,266,37,-32
1310053577,268,35,-37
1310054827,269,40,-30
1310056077,268,38,-34
1310057327,265,42,-34
1310058577,264,37,-34
1310059827,264,33,-34
1310061077,264,35,-35
1310062327,265,34,-29
1310063577,264,29,-32
1310064827,263,39,-38
1310066077,268,30,-32
1310067327,267,36,-33
1310068577,269,37,-38
1310069827,269,35,-33
1310071077,265,36,-32
1310072327,263,34,-34
1310073577,262,36,-36
1310074827,265,35,-33
1310076077,263,37,-35
1310077327,265,35,-33
1310078577,265,38,-33
1310079827,267,38,-36
1310081077,262,37,-33
1310083643,264,37,-30
1310084893,265,39,-32
1310086143,265,38,-33
1310087393,262,37,-31
1310088643,265,41,-25
1310089893,263,40,-28
1310091143,264,35,-33
1310092393,265,35,-34
1310093643,267,35,-34
1310094893,263,39,-33
1310096143,268,34,-29
1310097393,262,38,-34
1310098643,268,37,-32
1310099893,262,38,-35
1310101143,264,32,-33
1310102393,266,35,-33
1310103643,267,35,-35
1310104893,269,35,-35
1310106143,266,37,-34
1310107393,266,35,-33
1310108643,264,36,-32
1310109893,266,35,-32
1310111143,263,34,-36
1310112393,265,37,-36
1310113643,268,36,-38
1310116077,262,39,-35
1310117327,266,39,-32
1310118577,265,37,-30
1310119827,266,33,-34
1310121077,272,32,-30
1310122327,271,33,-27
1310123577,264,37,-36
1310124827,265,36,-37
1310126077,268,35,-31
1310127327,263,35,-35
1310128577,267,39,-33
1310129827,266,34,-34
1310131077,270,33,-34
1310132327,265,35,-36
1310133577,262,33,-30
1310134827,265,34,-32
1310136077,264,40,-35
1310137327,263,35,-34
1310138577,268,35,-33
1310139827,262,36,-32
1310141077,266,36,-29
1310142327,260,37,-36
1310143577,266,36,-38
1310144827,265,32,-34
1310146077,264,35,-35
1310148643,263,38,-37
1310149893,263,38,-29
1310151143,265,37,-23
1310152393,267,39,-37
1310153643,264,40,-35
1310154893,269,41,-30
1310156143,265,38,-31
1310157393,266,34,-33
1310158643,265,34,-30
1310159893,264,39,-34
1310161143,264,35,-34
1310162393,265,35,-38
1310163643,266,35,-33
1310164893,267,34,-29
1310166143,264,37,-32
1310167393,260,38,-30
1310168643,264,36,-33
1310169893,266,37,-29
1310171143,263,33,-34
1310172393,264,34,-33
1310173643,268,34,-31
1310174893,264,35,-30
1310176143,266,37,-31
1310177393,263,35,-32
1310178643,263,37,-33
1310181077,266,33,-34
1310182327,266,43,-28
1310183577,268,37,-33
1310184827,269,35,-36
1310186077,267,37,-32
1310187327,263,40,-35
1310188577,264,37,-30
1310189827,263,35,-35
1310191077,263,36,-33
1310192327,263,36,-39
1310193577,264,36,-33
1310194827,263,37,-29
1310196077,263,36,-32
1310197327,267,35,-36
1310198577,265,39,-36
1310199827,262,35,-29
1310201077,267,34,-32
1310202327,263,37,-37
1310203577,266,35,-34
1310204827,265,36,-34
1310206077,261,40,-32
1310207327,268,31,-39
1310208577,265,36,-35
1310209827,264,34,-35
1310211077,264,30,-33
1310213643,265,36,-27
1310214893,269,38,-33
1310216143,265,39,-30
1310217393,266,37,-32
1310218643,267,38,-29
1310219893,268,39,-30
1310221143,265,33,-33
1310222393,265,34,-32
1310223643,263,35,-32
1310224893,266,31,-34
1310226143,264,37,-33
1310227393,260,36,-33
1310228643,267,34,-31
1310229893,261,34,-32
1310231143,266,35,-34
1310232393,267,37,-33
1310233643,261,37,-37
1310234893,262,33,-34
1310236143,263,33,-31
1310237393,261,34,-34
1310238643,266,35,-32
1310239893,267,37,-30
1310241143,264,39,-37
1310242393,265,35,-31
1310243643,267,34,-30
1310246077,270,35,-35
1310247327,267,41,-33
1310248577,269,35,-29
1310249827,267,35,-33
1310251077,269,43,-34
1310252327,266,42,-32
1310253577,266,36,-32
1310254827,264,34,-33
1310256077,263,34,-32
1310257327,266,37,-32
1310258577,262,37,-30
1310259827,263,32,-36
1310261077,264,37,-30
1310262327,265,34,-34
1310263577,267,36,-28
1310264827,262,37,-33
1310266077,267,34,-34
1310267327,261,38,-38
1310268577,266,35,-35
1310269827,262,35,-32
1310271077,264,34,-34
1310272327,269,34,-32
1310273577,266,30,-35
1310274827,266,33,-35
1310276077,264,37,-35
1310278643,264,37,-36
1310279893,270,35,-30
1310281143,268,42,-34
1310282393,267,40,-34
1310283643,265,41,-32
1310284893,263,38,-26
1310286143,262,39,-31
1310287393,265,34,-36
1310288643,263,37,-32
1310289893,265,36,-36
1310291143,265,37,-33
1310292393,266,32,-30
1310293643,261,35,-35
1310294893,268,36,-35
1310296143,265,36,-35
1310297393,264,38,-34
1310298643,266,33,-33
1310299893,263,33,-33
1310301143,265,35,-29
1310302393,265,39,-37
1310303643,265,33,-34
1310304893,266,36,-33
1310306143,268,36,-30
1310307393,265,36,-31
1310308643,266,37,-30
1310311077,267,35,-32
1310312327,269,39,-29
1310313577,263,37,-25
1310314827,264,38,-30
1310316077,270,33,-31
1310317327,265,40,-26
1310318577,264,36,-32
1310319827,265,36,-34
1310321077,263,38,-31
1310322327,267,37,-37
1310323577,265,36,-33
1310324827,263,32,-31
1310326077,265,33,-38
1310327327,267,34,-35
1310328577,266,36,-33
1310329827,265,34,-35
1310331077,263,30,-34
1310332327,266,37,-34
1310333577,264,35,-32
1310334827,263,31,-37
